run_accession	experiment_accession	sample_accession	study_accession	sample	series_id	library_strategy	platform	library_layout	pairedEnd	taxon_id	sample_name	experiment_title	experiment_name	sample_attribute	characteristics_ch1	sa_tissue	ch1_tissue	sa_antibody	ch1_antibody	sa_gene	ch1_gene	sa_treatment	ch1_treatment
SRR391066	SRX105204	SRS270029	SRP009191	NA	NA	ChIP-Seq	ILLUMINA	SINGLE - 	false	4392	NA	Nucleosome mapping in Ubiquitylation deficient mutants	NA	NA	NA	NA	NA	NA	NA	NA	NA	NA	NA
SRR1132340	SRX441367	SRS538627	SRP035339	NA	NA	ChIP-Seq	ILLUMINA	PAIRED - NOMINAL_LENGTH: 350; NOMINAL_SDEV: 0.0E0; 	true	9606	NA	Merlin re-expression strongly inhibits proliferation of Merlin-deficient cells and this correlates with its ability to regulate a cross-tissue gene expression program. We have shown that Merlin interacts with the PAF1 complex.  ChIP-seq experiments were p	NA	cultivar: MDA-MB-231 || label: 6 wt Merlin expression-Pol2 ChiP-seq || cell_line: breast cancer cell line (NF2 mutant)	NA	breast cancer cell line (NF2 mutant)	NA	NA	NA	NA	NA	NA	NA
SRR1132342	SRX441369	SRS538629	SRP035339	NA	NA	ChIP-Seq	ILLUMINA	PAIRED - NOMINAL_LENGTH: 400; NOMINAL_SDEV: 0.0E0; 	true	9606	NA	L46R Merlin expression- Rabbit Antibody control ChiP-seq	NA	cultivar: MDA-MB-231 || label: L46R Merlin expression- Rabbit Antibody control ChiP-seq || cell_line: breast cancer cell line	NA	breast cancer cell line	NA	NA	NA	NA	NA	NA	NA
SRR1607716	SRX728768	SRS718273	SRP048744	GSM1520907	GSE62171	ChIP-Seq	ILLUMINA	SINGLE - 	false	9606	NA	Lib16; Homo sapiens; ChIP-Seq	GSM1520907	source_name: THP1_WT_ChIP-seq || cell line: THP1 || cell type: human acute monocytic leukemia (AML) cell line || genotype/variation: wild type (control) || chip antibody: PAF1 || chip antibody vendor: Bethyl || fixation: EGS+ FA	cell line: THP1 || cell type: human acute monocytic leukemia (AML) cell line || genotype/variation: wild type (control) || chip antibody: PAF1 || chip antibody vendor: Bethyl || chip antibody cat. #: A300-171A || fixation: EGS+ FA	THP1_WT_ChIP-seq -;- human acute monocytic leukemia (AML) cell line	human acute monocytic leukemia (AML) cell line -;- THP1	PAF1	PAF1	wild type (control)	NA	NA	NA
SRR1607719	SRX728771	SRS718276	SRP048744	GSM1520910	GSE62171	ChIP-Seq	ILLUMINA	SINGLE - 	false	9606	NA	Lib22; Homo sapiens; ChIP-Seq	GSM1520910	source_name: THP1_WT_ChIP-seq || cell line: THP1 || cell type: human acute monocytic leukemia (AML) cell line || genotype/variation: wild type (control) || chip antibody: CTR9 || chip antibody vendor: Bethyl || fixation: EGS+ FA	cell line: THP1 || cell type: human acute monocytic leukemia (AML) cell line || genotype/variation: wild type (control) || chip antibody: CTR9 || chip antibody vendor: Bethyl || chip antibody cat. #: A301-395A || fixation: EGS+ FA	THP1_WT_ChIP-seq -;- human acute monocytic leukemia (AML) cell line	human acute monocytic leukemia (AML) cell line -;- THP1	CTR9	CTR9	wild type (control)	NA	NA	NA
SRR1607721	SRX728773	SRS718278	SRP048744	GSM1520912	GSE62171	ChIP-Seq	ILLUMINA	SINGLE - 	false	9606	NA	Lib70; Homo sapiens; ChIP-Seq	GSM1520912	source_name: THP1_DMSO_ChIP-seq || cell line: THP1 || cell type: human acute monocytic leukemia (AML) cell line || treatment: DMSO || genotype/variation: wild type (control) || chip antibody: Pol II || chip antibody vendor: Santa Cruz || fixation: EGS+ FA	cell line: THP1 || cell type: human acute monocytic leukemia (AML) cell line || treatment: DMSO || genotype/variation: wild type (control) || chip antibody: Pol II || chip antibody vendor: Santa Cruz || chip antibody cat. #: sc-899 || fixation: EGS+ FA	THP1_DMSO_ChIP-seq -;- human acute monocytic leukemia (AML) cell line	human acute monocytic leukemia (AML) cell line -;- THP1	Pol II	Pol II	wild type (control)	NA	DMSO	DMSO
SRR1607722	SRX728774	SRS718280	SRP048744	GSM1520913	GSE62171	ChIP-Seq	ILLUMINA	SINGLE - 	false	9606	NA	Lib72; Homo sapiens; ChIP-Seq	GSM1520913	source_name: THP1_Flavopiridol_ChIP-seq || cell line: THP1 || cell type: human acute monocytic leukemia (AML) cell line || treatment: Flavopiridol || genotype/variation: wild type (control) || chip antibody: Pol II || chip antibody vendor: Santa Cruz || fixation: EGS+ FA	cell line: THP1 || cell type: human acute monocytic leukemia (AML) cell line || treatment: Flavopiridol || genotype/variation: wild type (control) || chip antibody: Pol II || chip antibody vendor: Santa Cruz || chip antibody cat. #: sc-899 || fixation: EGS+ FA	THP1_Flavopiridol_ChIP-seq -;- human acute monocytic leukemia (AML) cell line	human acute monocytic leukemia (AML) cell line -;- THP1	Pol II	Pol II	wild type (control)	NA	Flavopiridol	Flavopiridol
SRR1607724	SRX728776	SRS718281	SRP048744	GSM1520915	GSE62171	ChIP-Seq	ILLUMINA	SINGLE - 	false	9606	NA	Lib81; Homo sapiens; ChIP-Seq	GSM1520915	source_name: THP1_Flavopiridol_ChIP-seq || cell line: THP1 || cell type: human acute monocytic leukemia (AML) cell line || treatment: Flavopiridol || genotype/variation: wild type (control) || chip antibody: LEO1 || chip antibody vendor: Bethyl || fixation: EGS+ FA	cell line: THP1 || cell type: human acute monocytic leukemia (AML) cell line || treatment: Flavopiridol || genotype/variation: wild type (control) || chip antibody: LEO1 || chip antibody vendor: Bethyl || chip antibody cat. #: A300-175A || fixation: EGS+ FA	THP1_Flavopiridol_ChIP-seq -;- human acute monocytic leukemia (AML) cell line	human acute monocytic leukemia (AML) cell line -;- THP1	LEO1	LEO1	wild type (control)	NA	Flavopiridol	Flavopiridol
SRR1607726	SRX728777	SRS718282	SRP048744	GSM1520917	GSE62171	ChIP-Seq	ILLUMINA	SINGLE - 	false	9606	NA	Lib107; Homo sapiens; ChIP-Seq	GSM1520917	source_name: THP1_PAF1KD_ChIP-seq || cell line: THP1 || cell type: human acute monocytic leukemia (AML) cell line || treatment: pMY136 (PAF1 shRNA #1) || genotype/variation: PAF1 knockdown || chip antibody: PAF1 || chip antibody vendor: Bethyl || fixation: EGS+ FA	cell line: THP1 || cell type: human acute monocytic leukemia (AML) cell line || treatment: pMY136 (PAF1 shRNA #1) || genotype/variation: PAF1 knockdown || chip antibody: PAF1 || chip antibody vendor: Bethyl || chip antibody cat. #: A300-171A || fixation: EGS+ FA	THP1_PAF1KD_ChIP-seq -;- human acute monocytic leukemia (AML) cell line	human acute monocytic leukemia (AML) cell line -;- THP1	PAF1	PAF1	PAF1 knockdown	NA	pMY136 (PAF1 shRNA #1)	pMY136 (PAF1 shRNA #1)
SRR1607735	SRX728785	SRS718289	SRP048744	GSM1520926	GSE62171	ChIP-Seq	ILLUMINA	SINGLE - 	false	9606	NA	Lib174; Homo sapiens; ChIP-Seq	GSM1520926	source_name: CCRF-CEM_vector-control_ChIP-seq || cell line: CCRF-CEM || cell type: human acute lymphocytic leukemia (ALL) cell line || treatment: pMY56 (control) || genotype/variation: vector control || chip antibody: PAF1 || chip antibody vendor: Bethyl || fixation: EGS+ FA	cell line: CCRF-CEM || cell type: human acute lymphocytic leukemia (ALL) cell line || treatment: pMY56 (control) || genotype/variation: vector control || chip antibody: PAF1 || chip antibody vendor: Bethyl || chip antibody cat. #: A300-171A || fixation: EGS+ FA	CCRF-CEM_vector-control_ChIP-seq -;- human acute lymphocytic leukemia (ALL) cell line	human acute lymphocytic leukemia (ALL) cell line -;- CCRF-CEM	PAF1	PAF1	vector control	NA	pMY56 (control)	pMY56 (control)
SRR1607736	SRX728786	SRS718291	SRP048744	GSM1520927	GSE62171	ChIP-Seq	ILLUMINA	SINGLE - 	false	9606	NA	Lib175; Homo sapiens; ChIP-Seq	GSM1520927	source_name: CCRF-CEM_PAF1KD_ChIP-seq || cell line: CCRF-CEM || cell type: human acute lymphocytic leukemia (ALL) cell line || treatment: pMY137 (PAF1 shRNA #2) || genotype/variation: PAF1 knockdown || chip antibody: PAF1 || chip antibody vendor: Bethyl || fixation: EGS+ FA	cell line: CCRF-CEM || cell type: human acute lymphocytic leukemia (ALL) cell line || treatment: pMY137 (PAF1 shRNA #2) || genotype/variation: PAF1 knockdown || chip antibody: PAF1 || chip antibody vendor: Bethyl || chip antibody cat. #: A300-171A || fixation: EGS+ FA	CCRF-CEM_PAF1KD_ChIP-seq -;- human acute lymphocytic leukemia (ALL) cell line	human acute lymphocytic leukemia (ALL) cell line -;- CCRF-CEM	PAF1	PAF1	PAF1 knockdown	NA	pMY137 (PAF1 shRNA #2)	pMY137 (PAF1 shRNA #2)
SRR1607725	SRX728762	SRS718300	SRP048744	GSM1520916	GSE62171	ChIP-Seq	ILLUMINA	SINGLE - 	false	9606	NA	Lib106; Homo sapiens; ChIP-Seq	GSM1520916	source_name: THP1_vector-control_ChIP-seq || cell line: THP1 || cell type: human acute monocytic leukemia (AML) cell line || treatment: pMY56 (control) || genotype/variation: vector control || chip antibody: PAF1 || chip antibody vendor: Bethyl || fixation: EGS+ FA	cell line: THP1 || cell type: human acute monocytic leukemia (AML) cell line || treatment: pMY56 (control) || genotype/variation: vector control || chip antibody: PAF1 || chip antibody vendor: Bethyl || chip antibody cat. #: A300-171A || fixation: EGS+ FA	THP1_vector-control_ChIP-seq -;- human acute monocytic leukemia (AML) cell line	human acute monocytic leukemia (AML) cell line -;- THP1	PAF1	PAF1	vector control	NA	pMY56 (control)	pMY56 (control)
SRR2084572	SRX1078887	SRS977123	SRP060227	GSM1727117	GSE70408	ChIP-Seq	ILLUMINA	SINGLE - 	false	7227	NA	Input_dsPAF1.1_S2_rep1_ChIPSeq; Drosophila melanogaster; ChIP-Seq	GSM1727117	source_name: S2 || cell type: Drosophila melanogaster cell line || cell line: S2 || shRNA: PAF1 RNAi #1 || chip antibody: no antibody	cell type: Drosophila melanogaster cell line || cell line: S2 || shRNA: PAF1 RNAi #1 || chip antibody: no antibody	S2 -;- Drosophila melanogaster cell line	Drosophila melanogaster cell line -;- S2	no antibody	no antibody	NA	NA	NA	NA
SRR2084573	SRX1078887	SRS977123	SRP060227	GSM1727117	GSE70408	ChIP-Seq	ILLUMINA	SINGLE - 	false	7227	NA	Input_dsPAF1.1_S2_rep1_ChIPSeq; Drosophila melanogaster; ChIP-Seq	GSM1727117	source_name: S2 || cell type: Drosophila melanogaster cell line || cell line: S2 || shRNA: PAF1 RNAi #1 || chip antibody: no antibody	cell type: Drosophila melanogaster cell line || cell line: S2 || shRNA: PAF1 RNAi #1 || chip antibody: no antibody	S2 -;- Drosophila melanogaster cell line	Drosophila melanogaster cell line -;- S2	no antibody	no antibody	NA	NA	NA	NA
SRR2084574	SRX1078887	SRS977123	SRP060227	GSM1727117	GSE70408	ChIP-Seq	ILLUMINA	SINGLE - 	false	7227	NA	Input_dsPAF1.1_S2_rep1_ChIPSeq; Drosophila melanogaster; ChIP-Seq	GSM1727117	source_name: S2 || cell type: Drosophila melanogaster cell line || cell line: S2 || shRNA: PAF1 RNAi #1 || chip antibody: no antibody	cell type: Drosophila melanogaster cell line || cell line: S2 || shRNA: PAF1 RNAi #1 || chip antibody: no antibody	S2 -;- Drosophila melanogaster cell line	Drosophila melanogaster cell line -;- S2	no antibody	no antibody	NA	NA	NA	NA
SRR2084575	SRX1078887	SRS977123	SRP060227	GSM1727117	GSE70408	ChIP-Seq	ILLUMINA	SINGLE - 	false	7227	NA	Input_dsPAF1.1_S2_rep1_ChIPSeq; Drosophila melanogaster; ChIP-Seq	GSM1727117	source_name: S2 || cell type: Drosophila melanogaster cell line || cell line: S2 || shRNA: PAF1 RNAi #1 || chip antibody: no antibody	cell type: Drosophila melanogaster cell line || cell line: S2 || shRNA: PAF1 RNAi #1 || chip antibody: no antibody	S2 -;- Drosophila melanogaster cell line	Drosophila melanogaster cell line -;- S2	no antibody	no antibody	NA	NA	NA	NA
SRR2084568	SRX1078886	SRS977124	SRP060227	GSM1727116	GSE70408	ChIP-Seq	ILLUMINA	SINGLE - 	false	7227	NA	Input_dsLacZ_S2_rep1_ChIPSeq; Drosophila melanogaster; ChIP-Seq	GSM1727116	source_name: S2 || cell type: Drosophila melanogaster cell line || cell line: S2 || shRNA: LacZ RNAi || chip antibody: no antibody	cell type: Drosophila melanogaster cell line || cell line: S2 || shRNA: LacZ RNAi || chip antibody: no antibody	S2 -;- Drosophila melanogaster cell line	Drosophila melanogaster cell line -;- S2	no antibody	no antibody	NA	NA	NA	NA
SRR2084569	SRX1078886	SRS977124	SRP060227	GSM1727116	GSE70408	ChIP-Seq	ILLUMINA	SINGLE - 	false	7227	NA	Input_dsLacZ_S2_rep1_ChIPSeq; Drosophila melanogaster; ChIP-Seq	GSM1727116	source_name: S2 || cell type: Drosophila melanogaster cell line || cell line: S2 || shRNA: LacZ RNAi || chip antibody: no antibody	cell type: Drosophila melanogaster cell line || cell line: S2 || shRNA: LacZ RNAi || chip antibody: no antibody	S2 -;- Drosophila melanogaster cell line	Drosophila melanogaster cell line -;- S2	no antibody	no antibody	NA	NA	NA	NA
SRR2084570	SRX1078886	SRS977124	SRP060227	GSM1727116	GSE70408	ChIP-Seq	ILLUMINA	SINGLE - 	false	7227	NA	Input_dsLacZ_S2_rep1_ChIPSeq; Drosophila melanogaster; ChIP-Seq	GSM1727116	source_name: S2 || cell type: Drosophila melanogaster cell line || cell line: S2 || shRNA: LacZ RNAi || chip antibody: no antibody	cell type: Drosophila melanogaster cell line || cell line: S2 || shRNA: LacZ RNAi || chip antibody: no antibody	S2 -;- Drosophila melanogaster cell line	Drosophila melanogaster cell line -;- S2	no antibody	no antibody	NA	NA	NA	NA
SRR2084571	SRX1078886	SRS977124	SRP060227	GSM1727116	GSE70408	ChIP-Seq	ILLUMINA	SINGLE - 	false	7227	NA	Input_dsLacZ_S2_rep1_ChIPSeq; Drosophila melanogaster; ChIP-Seq	GSM1727116	source_name: S2 || cell type: Drosophila melanogaster cell line || cell line: S2 || shRNA: LacZ RNAi || chip antibody: no antibody	cell type: Drosophila melanogaster cell line || cell line: S2 || shRNA: LacZ RNAi || chip antibody: no antibody	S2 -;- Drosophila melanogaster cell line	Drosophila melanogaster cell line -;- S2	no antibody	no antibody	NA	NA	NA	NA
SRR2084548	SRX1078881	SRS977131	SRP060227	GSM1727111	GSE70408	ChIP-Seq	ILLUMINA	SINGLE - 	false	9606	NA	Input_shSCR_MCF7_ChIPSeq; Homo sapiens; ChIP-Seq	GSM1727111	source_name: MCF7 || cell type: breast cancer cell line || cell line: MCF7 || shRNA: Scramble shRNA || chip antibody: no antibody	cell type: breast cancer cell line || cell line: MCF7 || shRNA: Scramble shRNA || chip antibody: no antibody	MCF7 -;- breast cancer cell line	breast cancer cell line -;- MCF7	no antibody	no antibody	NA	NA	NA	NA
SRR2084549	SRX1078881	SRS977131	SRP060227	GSM1727111	GSE70408	ChIP-Seq	ILLUMINA	SINGLE - 	false	9606	NA	Input_shSCR_MCF7_ChIPSeq; Homo sapiens; ChIP-Seq	GSM1727111	source_name: MCF7 || cell type: breast cancer cell line || cell line: MCF7 || shRNA: Scramble shRNA || chip antibody: no antibody	cell type: breast cancer cell line || cell line: MCF7 || shRNA: Scramble shRNA || chip antibody: no antibody	MCF7 -;- breast cancer cell line	breast cancer cell line -;- MCF7	no antibody	no antibody	NA	NA	NA	NA
SRR2084550	SRX1078881	SRS977131	SRP060227	GSM1727111	GSE70408	ChIP-Seq	ILLUMINA	SINGLE - 	false	9606	NA	Input_shSCR_MCF7_ChIPSeq; Homo sapiens; ChIP-Seq	GSM1727111	source_name: MCF7 || cell type: breast cancer cell line || cell line: MCF7 || shRNA: Scramble shRNA || chip antibody: no antibody	cell type: breast cancer cell line || cell line: MCF7 || shRNA: Scramble shRNA || chip antibody: no antibody	MCF7 -;- breast cancer cell line	breast cancer cell line -;- MCF7	no antibody	no antibody	NA	NA	NA	NA
SRR2084551	SRX1078881	SRS977131	SRP060227	GSM1727111	GSE70408	ChIP-Seq	ILLUMINA	SINGLE - 	false	9606	NA	Input_shSCR_MCF7_ChIPSeq; Homo sapiens; ChIP-Seq	GSM1727111	source_name: MCF7 || cell type: breast cancer cell line || cell line: MCF7 || shRNA: Scramble shRNA || chip antibody: no antibody	cell type: breast cancer cell line || cell line: MCF7 || shRNA: Scramble shRNA || chip antibody: no antibody	MCF7 -;- breast cancer cell line	breast cancer cell line -;- MCF7	no antibody	no antibody	NA	NA	NA	NA
SRR2084537	SRX1078876	SRS977133	SRP060227	GSM1727106	GSE70408	ChIP-Seq	ILLUMINA	SINGLE - 	false	9606	NA	PAF1_WT_HCT116_ChIPSeq; Homo sapiens; ChIP-Seq	GSM1727106	source_name: HCT116 || cell type: colorectal cancer cell line || cell line: HCT116 || shRNA: no shRNA || chip antibody: PAF1 (Abcam, ab137519)	cell type: colorectal cancer cell line || cell line: HCT116 || shRNA: no shRNA || chip antibody: PAF1 (Abcam, ab137519)	HCT116 -;- colorectal cancer cell line	colorectal cancer cell line -;- HCT116	PAF1 (Abcam, ab137519)	PAF1 (Abcam, ab137519)	NA	NA	NA	NA
SRR2084538	SRX1078876	SRS977133	SRP060227	GSM1727106	GSE70408	ChIP-Seq	ILLUMINA	SINGLE - 	false	9606	NA	PAF1_WT_HCT116_ChIPSeq; Homo sapiens; ChIP-Seq	GSM1727106	source_name: HCT116 || cell type: colorectal cancer cell line || cell line: HCT116 || shRNA: no shRNA || chip antibody: PAF1 (Abcam, ab137519)	cell type: colorectal cancer cell line || cell line: HCT116 || shRNA: no shRNA || chip antibody: PAF1 (Abcam, ab137519)	HCT116 -;- colorectal cancer cell line	colorectal cancer cell line -;- HCT116	PAF1 (Abcam, ab137519)	PAF1 (Abcam, ab137519)	NA	NA	NA	NA
SRR2084539	SRX1078876	SRS977133	SRP060227	GSM1727106	GSE70408	ChIP-Seq	ILLUMINA	SINGLE - 	false	9606	NA	PAF1_WT_HCT116_ChIPSeq; Homo sapiens; ChIP-Seq	GSM1727106	source_name: HCT116 || cell type: colorectal cancer cell line || cell line: HCT116 || shRNA: no shRNA || chip antibody: PAF1 (Abcam, ab137519)	cell type: colorectal cancer cell line || cell line: HCT116 || shRNA: no shRNA || chip antibody: PAF1 (Abcam, ab137519)	HCT116 -;- colorectal cancer cell line	colorectal cancer cell line -;- HCT116	PAF1 (Abcam, ab137519)	PAF1 (Abcam, ab137519)	NA	NA	NA	NA
SRR2084474	SRX1078857	SRS977218	SRP060227	GSM1727087	GSE70408	ChIP-Seq	ILLUMINA	SINGLE - 	false	9606	NA	Input_shSCR_DMSO_HCT116_ChIPSeq; Homo sapiens; ChIP-Seq	GSM1727087	source_name: HCT116 || cell type: colorectal cancer cell line || cell line: HCT116 || shRNA: Scramble shRNA || chip antibody: no antibody	cell type: colorectal cancer cell line || cell line: HCT116 || shRNA: Scramble shRNA || chip antibody: no antibody	HCT116 -;- colorectal cancer cell line	colorectal cancer cell line -;- HCT116	no antibody	no antibody	NA	NA	NA	NA
SRR2084475	SRX1078857	SRS977218	SRP060227	GSM1727087	GSE70408	ChIP-Seq	ILLUMINA	SINGLE - 	false	9606	NA	Input_shSCR_DMSO_HCT116_ChIPSeq; Homo sapiens; ChIP-Seq	GSM1727087	source_name: HCT116 || cell type: colorectal cancer cell line || cell line: HCT116 || shRNA: Scramble shRNA || chip antibody: no antibody	cell type: colorectal cancer cell line || cell line: HCT116 || shRNA: Scramble shRNA || chip antibody: no antibody	HCT116 -;- colorectal cancer cell line	colorectal cancer cell line -;- HCT116	no antibody	no antibody	NA	NA	NA	NA
SRR2084476	SRX1078857	SRS977218	SRP060227	GSM1727087	GSE70408	ChIP-Seq	ILLUMINA	SINGLE - 	false	9606	NA	Input_shSCR_DMSO_HCT116_ChIPSeq; Homo sapiens; ChIP-Seq	GSM1727087	source_name: HCT116 || cell type: colorectal cancer cell line || cell line: HCT116 || shRNA: Scramble shRNA || chip antibody: no antibody	cell type: colorectal cancer cell line || cell line: HCT116 || shRNA: Scramble shRNA || chip antibody: no antibody	HCT116 -;- colorectal cancer cell line	colorectal cancer cell line -;- HCT116	no antibody	no antibody	NA	NA	NA	NA
SRR2084477	SRX1078857	SRS977218	SRP060227	GSM1727087	GSE70408	ChIP-Seq	ILLUMINA	SINGLE - 	false	9606	NA	Input_shSCR_DMSO_HCT116_ChIPSeq; Homo sapiens; ChIP-Seq	GSM1727087	source_name: HCT116 || cell type: colorectal cancer cell line || cell line: HCT116 || shRNA: Scramble shRNA || chip antibody: no antibody	cell type: colorectal cancer cell line || cell line: HCT116 || shRNA: Scramble shRNA || chip antibody: no antibody	HCT116 -;- colorectal cancer cell line	colorectal cancer cell line -;- HCT116	no antibody	no antibody	NA	NA	NA	NA
SRR2084481	SRX1078859	SRS977219	SRP060227	GSM1727089	GSE70408	ChIP-Seq	ILLUMINA	SINGLE - 	false	9606	NA	Input_shSCR_HCT116_rep2_ChIPSeq; Homo sapiens; ChIP-Seq	GSM1727089	source_name: HCT116 || cell type: colorectal cancer cell line || cell line: HCT116 || shRNA: Scramble shRNA || chip antibody: no antibody	cell type: colorectal cancer cell line || cell line: HCT116 || shRNA: Scramble shRNA || chip antibody: no antibody	HCT116 -;- colorectal cancer cell line	colorectal cancer cell line -;- HCT116	no antibody	no antibody	NA	NA	NA	NA
SRR2084482	SRX1078859	SRS977219	SRP060227	GSM1727089	GSE70408	ChIP-Seq	ILLUMINA	SINGLE - 	false	9606	NA	Input_shSCR_HCT116_rep2_ChIPSeq; Homo sapiens; ChIP-Seq	GSM1727089	source_name: HCT116 || cell type: colorectal cancer cell line || cell line: HCT116 || shRNA: Scramble shRNA || chip antibody: no antibody	cell type: colorectal cancer cell line || cell line: HCT116 || shRNA: Scramble shRNA || chip antibody: no antibody	HCT116 -;- colorectal cancer cell line	colorectal cancer cell line -;- HCT116	no antibody	no antibody	NA	NA	NA	NA
SRR2084483	SRX1078859	SRS977219	SRP060227	GSM1727089	GSE70408	ChIP-Seq	ILLUMINA	SINGLE - 	false	9606	NA	Input_shSCR_HCT116_rep2_ChIPSeq; Homo sapiens; ChIP-Seq	GSM1727089	source_name: HCT116 || cell type: colorectal cancer cell line || cell line: HCT116 || shRNA: Scramble shRNA || chip antibody: no antibody	cell type: colorectal cancer cell line || cell line: HCT116 || shRNA: Scramble shRNA || chip antibody: no antibody	HCT116 -;- colorectal cancer cell line	colorectal cancer cell line -;- HCT116	no antibody	no antibody	NA	NA	NA	NA
SRR2084478	SRX1078858	SRS977220	SRP060227	GSM1727088	GSE70408	ChIP-Seq	ILLUMINA	SINGLE - 	false	9606	NA	Input_shSCR_HCT116_rep1_ChIPSeq; Homo sapiens; ChIP-Seq	GSM1727088	source_name: HCT116 || cell type: colorectal cancer cell line || cell line: HCT116 || shRNA: Scramble shRNA || chip antibody: no antibody	cell type: colorectal cancer cell line || cell line: HCT116 || shRNA: Scramble shRNA || chip antibody: no antibody	HCT116 -;- colorectal cancer cell line	colorectal cancer cell line -;- HCT116	no antibody	no antibody	NA	NA	NA	NA
SRR2084479	SRX1078858	SRS977220	SRP060227	GSM1727088	GSE70408	ChIP-Seq	ILLUMINA	SINGLE - 	false	9606	NA	Input_shSCR_HCT116_rep1_ChIPSeq; Homo sapiens; ChIP-Seq	GSM1727088	source_name: HCT116 || cell type: colorectal cancer cell line || cell line: HCT116 || shRNA: Scramble shRNA || chip antibody: no antibody	cell type: colorectal cancer cell line || cell line: HCT116 || shRNA: Scramble shRNA || chip antibody: no antibody	HCT116 -;- colorectal cancer cell line	colorectal cancer cell line -;- HCT116	no antibody	no antibody	NA	NA	NA	NA
SRR2084480	SRX1078858	SRS977220	SRP060227	GSM1727088	GSE70408	ChIP-Seq	ILLUMINA	SINGLE - 	false	9606	NA	Input_shSCR_HCT116_rep1_ChIPSeq; Homo sapiens; ChIP-Seq	GSM1727088	source_name: HCT116 || cell type: colorectal cancer cell line || cell line: HCT116 || shRNA: Scramble shRNA || chip antibody: no antibody	cell type: colorectal cancer cell line || cell line: HCT116 || shRNA: Scramble shRNA || chip antibody: no antibody	HCT116 -;- colorectal cancer cell line	colorectal cancer cell line -;- HCT116	no antibody	no antibody	NA	NA	NA	NA
SRR2084468	SRX1078855	SRS977221	SRP060227	GSM1727085	GSE70408	ChIP-Seq	ILLUMINA	SINGLE - 	false	9606	NA	Input_shPAF1.1_HCT116_rep2_ChIPSeq; Homo sapiens; ChIP-Seq	GSM1727085	source_name: HCT116 || cell type: colorectal cancer cell line || cell line: HCT116 || shRNA: PAF1 shRNA #1 || chip antibody: no antibody	cell type: colorectal cancer cell line || cell line: HCT116 || shRNA: PAF1 shRNA #1 || chip antibody: no antibody	HCT116 -;- colorectal cancer cell line	colorectal cancer cell line -;- HCT116	no antibody	no antibody	NA	NA	NA	NA
SRR2084469	SRX1078855	SRS977221	SRP060227	GSM1727085	GSE70408	ChIP-Seq	ILLUMINA	SINGLE - 	false	9606	NA	Input_shPAF1.1_HCT116_rep2_ChIPSeq; Homo sapiens; ChIP-Seq	GSM1727085	source_name: HCT116 || cell type: colorectal cancer cell line || cell line: HCT116 || shRNA: PAF1 shRNA #1 || chip antibody: no antibody	cell type: colorectal cancer cell line || cell line: HCT116 || shRNA: PAF1 shRNA #1 || chip antibody: no antibody	HCT116 -;- colorectal cancer cell line	colorectal cancer cell line -;- HCT116	no antibody	no antibody	NA	NA	NA	NA
SRR2084470	SRX1078855	SRS977221	SRP060227	GSM1727085	GSE70408	ChIP-Seq	ILLUMINA	SINGLE - 	false	9606	NA	Input_shPAF1.1_HCT116_rep2_ChIPSeq; Homo sapiens; ChIP-Seq	GSM1727085	source_name: HCT116 || cell type: colorectal cancer cell line || cell line: HCT116 || shRNA: PAF1 shRNA #1 || chip antibody: no antibody	cell type: colorectal cancer cell line || cell line: HCT116 || shRNA: PAF1 shRNA #1 || chip antibody: no antibody	HCT116 -;- colorectal cancer cell line	colorectal cancer cell line -;- HCT116	no antibody	no antibody	NA	NA	NA	NA
SRR2084471	SRX1078856	SRS977222	SRP060227	GSM1727086	GSE70408	ChIP-Seq	ILLUMINA	SINGLE - 	false	9606	NA	Input_shPAF1.2_HCT116_ChIPSeq; Homo sapiens; ChIP-Seq	GSM1727086	source_name: HCT116 || cell type: colorectal cancer cell line || cell line: HCT116 || shRNA: PAF1 shRNA #2 || chip antibody: no antibody	cell type: colorectal cancer cell line || cell line: HCT116 || shRNA: PAF1 shRNA #2 || chip antibody: no antibody	HCT116 -;- colorectal cancer cell line	colorectal cancer cell line -;- HCT116	no antibody	no antibody	NA	NA	NA	NA
SRR2084472	SRX1078856	SRS977222	SRP060227	GSM1727086	GSE70408	ChIP-Seq	ILLUMINA	SINGLE - 	false	9606	NA	Input_shPAF1.2_HCT116_ChIPSeq; Homo sapiens; ChIP-Seq	GSM1727086	source_name: HCT116 || cell type: colorectal cancer cell line || cell line: HCT116 || shRNA: PAF1 shRNA #2 || chip antibody: no antibody	cell type: colorectal cancer cell line || cell line: HCT116 || shRNA: PAF1 shRNA #2 || chip antibody: no antibody	HCT116 -;- colorectal cancer cell line	colorectal cancer cell line -;- HCT116	no antibody	no antibody	NA	NA	NA	NA
SRR2084473	SRX1078856	SRS977222	SRP060227	GSM1727086	GSE70408	ChIP-Seq	ILLUMINA	SINGLE - 	false	9606	NA	Input_shPAF1.2_HCT116_ChIPSeq; Homo sapiens; ChIP-Seq	GSM1727086	source_name: HCT116 || cell type: colorectal cancer cell line || cell line: HCT116 || shRNA: PAF1 shRNA #2 || chip antibody: no antibody	cell type: colorectal cancer cell line || cell line: HCT116 || shRNA: PAF1 shRNA #2 || chip antibody: no antibody	HCT116 -;- colorectal cancer cell line	colorectal cancer cell line -;- HCT116	no antibody	no antibody	NA	NA	NA	NA
SRR2084465	SRX1078854	SRS977223	SRP060227	GSM1727084	GSE70408	ChIP-Seq	ILLUMINA	SINGLE - 	false	9606	NA	Input_shPAF1.1_HCT116_rep1_ChIPSeq; Homo sapiens; ChIP-Seq	GSM1727084	source_name: HCT116 || cell type: colorectal cancer cell line || cell line: HCT116 || shRNA: PAF1 shRNA #1 || chip antibody: no antibody	cell type: colorectal cancer cell line || cell line: HCT116 || shRNA: PAF1 shRNA #1 || chip antibody: no antibody	HCT116 -;- colorectal cancer cell line	colorectal cancer cell line -;- HCT116	no antibody	no antibody	NA	NA	NA	NA
SRR2084466	SRX1078854	SRS977223	SRP060227	GSM1727084	GSE70408	ChIP-Seq	ILLUMINA	SINGLE - 	false	9606	NA	Input_shPAF1.1_HCT116_rep1_ChIPSeq; Homo sapiens; ChIP-Seq	GSM1727084	source_name: HCT116 || cell type: colorectal cancer cell line || cell line: HCT116 || shRNA: PAF1 shRNA #1 || chip antibody: no antibody	cell type: colorectal cancer cell line || cell line: HCT116 || shRNA: PAF1 shRNA #1 || chip antibody: no antibody	HCT116 -;- colorectal cancer cell line	colorectal cancer cell line -;- HCT116	no antibody	no antibody	NA	NA	NA	NA
SRR2084467	SRX1078854	SRS977223	SRP060227	GSM1727084	GSE70408	ChIP-Seq	ILLUMINA	SINGLE - 	false	9606	NA	Input_shPAF1.1_HCT116_rep1_ChIPSeq; Homo sapiens; ChIP-Seq	GSM1727084	source_name: HCT116 || cell type: colorectal cancer cell line || cell line: HCT116 || shRNA: PAF1 shRNA #1 || chip antibody: no antibody	cell type: colorectal cancer cell line || cell line: HCT116 || shRNA: PAF1 shRNA #1 || chip antibody: no antibody	HCT116 -;- colorectal cancer cell line	colorectal cancer cell line -;- HCT116	no antibody	no antibody	NA	NA	NA	NA
SRR2084461	SRX1078853	SRS977224	SRP060227	GSM1727083	GSE70408	ChIP-Seq	ILLUMINA	SINGLE - 	false	9606	NA	Input_shPAF1.1_DMSO_HCT116_ChIPSeq; Homo sapiens; ChIP-Seq	GSM1727083	source_name: HCT116 || cell type: colorectal cancer cell line || cell line: HCT116 || shRNA: PAF1 shRNA #1 || chip antibody: no antibody	cell type: colorectal cancer cell line || cell line: HCT116 || shRNA: PAF1 shRNA #1 || chip antibody: no antibody	HCT116 -;- colorectal cancer cell line	colorectal cancer cell line -;- HCT116	no antibody	no antibody	NA	NA	NA	NA
SRR2084462	SRX1078853	SRS977224	SRP060227	GSM1727083	GSE70408	ChIP-Seq	ILLUMINA	SINGLE - 	false	9606	NA	Input_shPAF1.1_DMSO_HCT116_ChIPSeq; Homo sapiens; ChIP-Seq	GSM1727083	source_name: HCT116 || cell type: colorectal cancer cell line || cell line: HCT116 || shRNA: PAF1 shRNA #1 || chip antibody: no antibody	cell type: colorectal cancer cell line || cell line: HCT116 || shRNA: PAF1 shRNA #1 || chip antibody: no antibody	HCT116 -;- colorectal cancer cell line	colorectal cancer cell line -;- HCT116	no antibody	no antibody	NA	NA	NA	NA
SRR2084463	SRX1078853	SRS977224	SRP060227	GSM1727083	GSE70408	ChIP-Seq	ILLUMINA	SINGLE - 	false	9606	NA	Input_shPAF1.1_DMSO_HCT116_ChIPSeq; Homo sapiens; ChIP-Seq	GSM1727083	source_name: HCT116 || cell type: colorectal cancer cell line || cell line: HCT116 || shRNA: PAF1 shRNA #1 || chip antibody: no antibody	cell type: colorectal cancer cell line || cell line: HCT116 || shRNA: PAF1 shRNA #1 || chip antibody: no antibody	HCT116 -;- colorectal cancer cell line	colorectal cancer cell line -;- HCT116	no antibody	no antibody	NA	NA	NA	NA
SRR2084464	SRX1078853	SRS977224	SRP060227	GSM1727083	GSE70408	ChIP-Seq	ILLUMINA	SINGLE - 	false	9606	NA	Input_shPAF1.1_DMSO_HCT116_ChIPSeq; Homo sapiens; ChIP-Seq	GSM1727083	source_name: HCT116 || cell type: colorectal cancer cell line || cell line: HCT116 || shRNA: PAF1 shRNA #1 || chip antibody: no antibody	cell type: colorectal cancer cell line || cell line: HCT116 || shRNA: PAF1 shRNA #1 || chip antibody: no antibody	HCT116 -;- colorectal cancer cell line	colorectal cancer cell line -;- HCT116	no antibody	no antibody	NA	NA	NA	NA
SRR2225451	SRX1176772	SRS1051412	SRP063051	GSM1865424	GSE72574	ChIP-Seq	ILLUMINA	SINGLE - 	false	10090	NA	ChIP109.Input_siNS; Mus musculus; ChIP-Seq	GSM1865424	source_name: Input for ChIP107.H3K4me3_siNS and ChIP108.H3_siNS || cell line: C2C12 || cell condition: myoblasts || library protocol: ChIP-seq	cell line: C2C12 || cell condition: myoblasts || library protocol: ChIP-seq	Input for ChIP107.H3K4me3_siNS and ChIP108.H3_siNS -;- C2C12	C2C12	NA	NA	NA	NA	NA	NA
SRR2225448	SRX1176769	SRS1051414	SRP063051	GSM1865421	GSE72574	ChIP-Seq	ILLUMINA	SINGLE - 	false	10090	NA	ChIP106.Input_siSki8; Mus musculus; ChIP-Seq	GSM1865421	source_name: Input for ChIP104.H3K4me3_siSki8 and ChIP105.H3_siSki8 || cell line: C2C12 || cell condition: myoblasts || library protocol: ChIP-seq	cell line: C2C12 || cell condition: myoblasts || library protocol: ChIP-seq	Input for ChIP104.H3K4me3_siSki8 and ChIP105.H3_siSki8 -;- C2C12	C2C12	NA	NA	NA	NA	NA	NA
SRR2225445	SRX1176766	SRS1051417	SRP063051	GSM1865418	GSE72574	ChIP-Seq	ILLUMINA	SINGLE - 	false	10090	NA	ChIP103.Input_siNS; Mus musculus; ChIP-Seq	GSM1865418	source_name: Input forChIP102.H3K36me3_siNS || cell line: C2C12 || cell condition: myoblasts || library protocol: ChIP-seq	cell line: C2C12 || cell condition: myoblasts || library protocol: ChIP-seq	Input forChIP102.H3K36me3_siNS -;- C2C12	C2C12	NA	NA	NA	NA	NA	NA
SRR2225443	SRX1176764	SRS1051419	SRP063051	GSM1865416	GSE72574	ChIP-Seq	ILLUMINA	SINGLE - 	false	10090	NA	ChIP101.Input_siSki8; Mus musculus; ChIP-Seq	GSM1865416	source_name: Input for ChIP100.H3K36me3_siSki8 || cell line: C2C12 || cell condition: myoblasts || library protocol: ChIP-seq	cell line: C2C12 || cell condition: myoblasts || library protocol: ChIP-seq	Input for ChIP100.H3K36me3_siSki8 -;- C2C12	C2C12	NA	NA	NA	NA	NA	NA
SRR2225441	SRX1176762	SRS1051420	SRP063051	GSM1865414	GSE72574	ChIP-Seq	ILLUMINA	SINGLE - 	false	10090	NA	ChIP095.Input_siNS; Mus musculus; ChIP-Seq	GSM1865414	source_name: Input for ChIP094.PolIICTD_siNS || cell line: C2C12 || cell condition: myoblasts || library protocol: ChIP-seq	cell line: C2C12 || cell condition: myoblasts || library protocol: ChIP-seq	Input for ChIP094.PolIICTD_siNS -;- C2C12	C2C12	NA	NA	NA	NA	NA	NA
SRR2225439	SRX1176760	SRS1051423	SRP063051	GSM1865412	GSE72574	ChIP-Seq	ILLUMINA	SINGLE - 	false	10090	NA	ChIP092.Input_siSki8; Mus musculus; ChIP-Seq	GSM1865412	source_name: Input for ChIP091.PolIICTD_siSki8 || cell line: C2C12 || cell condition: myoblasts || library protocol: ChIP-seq	cell line: C2C12 || cell condition: myoblasts || library protocol: ChIP-seq	Input for ChIP091.PolIICTD_siSki8 -;- C2C12	C2C12	NA	NA	NA	NA	NA	NA
SRR2225437	SRX1176758	SRS1051425	SRP063051	GSM1865410	GSE72574	ChIP-Seq	ILLUMINA	SINGLE - 	false	10090	NA	ChIP089.Input_siNS; Mus musculus; ChIP-Seq	GSM1865410	source_name: Input for ChIP087.H3K4me3_siNS and ChIP088.H3_siNS || cell line: C2C12 || cell condition: myoblasts || library protocol: ChIP-seq	cell line: C2C12 || cell condition: myoblasts || library protocol: ChIP-seq	Input for ChIP087.H3K4me3_siNS and ChIP088.H3_siNS -;- C2C12	C2C12	NA	NA	NA	NA	NA	NA
SRR2225434	SRX1176755	SRS1051430	SRP063051	GSM1865407	GSE72574	ChIP-Seq	ILLUMINA	SINGLE - 	false	10090	NA	ChIP086.Input_siPaf1; Mus musculus; ChIP-Seq	GSM1865407	source_name: Input for ChIP084.H3K4me3_siPaf1 and ChIP085.H3_siPaf1 || cell line: C2C12 || cell condition: myoblasts || library protocol: ChIP-seq	cell line: C2C12 || cell condition: myoblasts || library protocol: ChIP-seq	Input for ChIP084.H3K4me3_siPaf1 and ChIP085.H3_siPaf1 -;- C2C12	C2C12	NA	NA	NA	NA	NA	NA
SRR2225431	SRX1176752	SRS1051431	SRP063051	GSM1865404	GSE72574	ChIP-Seq	ILLUMINA	SINGLE - 	false	10090	NA	ChIP083.Input_siNS; Mus musculus; ChIP-Seq	GSM1865404	source_name: Input for ChIP082.H3K36me3_siNS || cell line: C2C12 || cell condition: myoblasts || library protocol: ChIP-seq	cell line: C2C12 || cell condition: myoblasts || library protocol: ChIP-seq	Input for ChIP082.H3K36me3_siNS -;- C2C12	C2C12	NA	NA	NA	NA	NA	NA
SRR2225429	SRX1176750	SRS1051433	SRP063051	GSM1865402	GSE72574	ChIP-Seq	ILLUMINA	SINGLE - 	false	10090	NA	ChIP081.Input_siPaf1; Mus musculus; ChIP-Seq	GSM1865402	source_name: Input for ChIP080.H3K36me3_siPaf1 || cell line: C2C12 || cell condition: myoblasts || library protocol: ChIP-seq	cell line: C2C12 || cell condition: myoblasts || library protocol: ChIP-seq	Input for ChIP080.H3K36me3_siPaf1 -;- C2C12	C2C12	NA	NA	NA	NA	NA	NA
SRR2225427	SRX1176748	SRS1051435	SRP063051	GSM1865400	GSE72574	ChIP-Seq	ILLUMINA	SINGLE - 	false	10090	NA	Input_siNS.8; Mus musculus; ChIP-Seq	GSM1865400	source_name: Input for PolIICTD_siNS || cell line: C2C12 || cell condition: myoblasts || library protocol: ChIP-seq	cell line: C2C12 || cell condition: myoblasts || library protocol: ChIP-seq	Input for PolIICTD_siNS -;- C2C12	C2C12	NA	NA	NA	NA	NA	NA
SRR2225425	SRX1176746	SRS1051437	SRP063051	GSM1865398	GSE72574	ChIP-Seq	ILLUMINA	SINGLE - 	false	10090	NA	Input_siPaf1.6; Mus musculus; ChIP-Seq	GSM1865398	source_name: Input for PolIICTD_siPaf1 || cell line: C2C12 || cell condition: myoblasts || library protocol: ChIP-seq	cell line: C2C12 || cell condition: myoblasts || library protocol: ChIP-seq	Input for PolIICTD_siPaf1 -;- C2C12	C2C12	NA	NA	NA	NA	NA	NA
SRR2225421	SRX1176744	SRS1051439	SRP063051	GSM1865396	GSE72574	ChIP-Seq	ILLUMINA	SINGLE - 	false	10090	NA	Ski8MT_Input; Mus musculus; ChIP-Seq	GSM1865396	source_name: Input for ChIP-seq Ski8MT || cell line: C2C12 || cell condition: myotubes || library protocol: ChIP-seq	cell line: C2C12 || cell condition: myotubes || library protocol: ChIP-seq	Input for ChIP-seq Ski8MT -;- C2C12	C2C12	NA	NA	NA	NA	NA	NA
SRR2225422	SRX1176744	SRS1051439	SRP063051	GSM1865396	GSE72574	ChIP-Seq	ILLUMINA	SINGLE - 	false	10090	NA	Ski8MT_Input; Mus musculus; ChIP-Seq	GSM1865396	source_name: Input for ChIP-seq Ski8MT || cell line: C2C12 || cell condition: myotubes || library protocol: ChIP-seq	cell line: C2C12 || cell condition: myotubes || library protocol: ChIP-seq	Input for ChIP-seq Ski8MT -;- C2C12	C2C12	NA	NA	NA	NA	NA	NA
SRR2225423	SRX1176744	SRS1051439	SRP063051	GSM1865396	GSE72574	ChIP-Seq	ILLUMINA	SINGLE - 	false	10090	NA	Ski8MT_Input; Mus musculus; ChIP-Seq	GSM1865396	source_name: Input for ChIP-seq Ski8MT || cell line: C2C12 || cell condition: myotubes || library protocol: ChIP-seq	cell line: C2C12 || cell condition: myotubes || library protocol: ChIP-seq	Input for ChIP-seq Ski8MT -;- C2C12	C2C12	NA	NA	NA	NA	NA	NA
SRR2225415	SRX1176742	SRS1051440	SRP063051	GSM1865394	GSE72574	ChIP-Seq	ILLUMINA	SINGLE - 	false	10090	NA	Ski8MB_Input; Mus musculus; ChIP-Seq	GSM1865394	source_name: Input for ChIP-seq Ski8MB || cell line: C2C12 || cell condition: myoblasts || library protocol: ChIP-seq	cell line: C2C12 || cell condition: myoblasts || library protocol: ChIP-seq	Input for ChIP-seq Ski8MB -;- C2C12	C2C12	NA	NA	NA	NA	NA	NA
SRR2225416	SRX1176742	SRS1051440	SRP063051	GSM1865394	GSE72574	ChIP-Seq	ILLUMINA	SINGLE - 	false	10090	NA	Ski8MB_Input; Mus musculus; ChIP-Seq	GSM1865394	source_name: Input for ChIP-seq Ski8MB || cell line: C2C12 || cell condition: myoblasts || library protocol: ChIP-seq	cell line: C2C12 || cell condition: myoblasts || library protocol: ChIP-seq	Input for ChIP-seq Ski8MB -;- C2C12	C2C12	NA	NA	NA	NA	NA	NA
SRR2225417	SRX1176742	SRS1051440	SRP063051	GSM1865394	GSE72574	ChIP-Seq	ILLUMINA	SINGLE - 	false	10090	NA	Ski8MB_Input; Mus musculus; ChIP-Seq	GSM1865394	source_name: Input for ChIP-seq Ski8MB || cell line: C2C12 || cell condition: myoblasts || library protocol: ChIP-seq	cell line: C2C12 || cell condition: myoblasts || library protocol: ChIP-seq	Input for ChIP-seq Ski8MB -;- C2C12	C2C12	NA	NA	NA	NA	NA	NA
SRR2225409	SRX1176740	SRS1051444	SRP063051	GSM1865392	GSE72574	ChIP-Seq	ILLUMINA	SINGLE - 	false	10090	NA	Rtf1MT_Input; Mus musculus; ChIP-Seq	GSM1865392	source_name: Input for ChIP-seq Rtf1MT || cell line: C2C12 || cell condition: myotubes || library protocol: ChIP-seq	cell line: C2C12 || cell condition: myotubes || library protocol: ChIP-seq	Input for ChIP-seq Rtf1MT -;- C2C12	C2C12	NA	NA	NA	NA	NA	NA
SRR2225410	SRX1176740	SRS1051444	SRP063051	GSM1865392	GSE72574	ChIP-Seq	ILLUMINA	SINGLE - 	false	10090	NA	Rtf1MT_Input; Mus musculus; ChIP-Seq	GSM1865392	source_name: Input for ChIP-seq Rtf1MT || cell line: C2C12 || cell condition: myotubes || library protocol: ChIP-seq	cell line: C2C12 || cell condition: myotubes || library protocol: ChIP-seq	Input for ChIP-seq Rtf1MT -;- C2C12	C2C12	NA	NA	NA	NA	NA	NA
SRR2225411	SRX1176740	SRS1051444	SRP063051	GSM1865392	GSE72574	ChIP-Seq	ILLUMINA	SINGLE - 	false	10090	NA	Rtf1MT_Input; Mus musculus; ChIP-Seq	GSM1865392	source_name: Input for ChIP-seq Rtf1MT || cell line: C2C12 || cell condition: myotubes || library protocol: ChIP-seq	cell line: C2C12 || cell condition: myotubes || library protocol: ChIP-seq	Input for ChIP-seq Rtf1MT -;- C2C12	C2C12	NA	NA	NA	NA	NA	NA
SRR2225403	SRX1176738	SRS1051445	SRP063051	GSM1865390	GSE72574	ChIP-Seq	ILLUMINA	SINGLE - 	false	10090	NA	Rtf1MB_Input; Mus musculus; ChIP-Seq	GSM1865390	source_name: Input for ChIP-seq Rtf1MB || cell line: C2C12 || cell condition: myoblasts || library protocol: ChIP-seq	cell line: C2C12 || cell condition: myoblasts || library protocol: ChIP-seq	Input for ChIP-seq Rtf1MB -;- C2C12	C2C12	NA	NA	NA	NA	NA	NA
SRR2225404	SRX1176738	SRS1051445	SRP063051	GSM1865390	GSE72574	ChIP-Seq	ILLUMINA	SINGLE - 	false	10090	NA	Rtf1MB_Input; Mus musculus; ChIP-Seq	GSM1865390	source_name: Input for ChIP-seq Rtf1MB || cell line: C2C12 || cell condition: myoblasts || library protocol: ChIP-seq	cell line: C2C12 || cell condition: myoblasts || library protocol: ChIP-seq	Input for ChIP-seq Rtf1MB -;- C2C12	C2C12	NA	NA	NA	NA	NA	NA
SRR2225405	SRX1176738	SRS1051445	SRP063051	GSM1865390	GSE72574	ChIP-Seq	ILLUMINA	SINGLE - 	false	10090	NA	Rtf1MB_Input; Mus musculus; ChIP-Seq	GSM1865390	source_name: Input for ChIP-seq Rtf1MB || cell line: C2C12 || cell condition: myoblasts || library protocol: ChIP-seq	cell line: C2C12 || cell condition: myoblasts || library protocol: ChIP-seq	Input for ChIP-seq Rtf1MB -;- C2C12	C2C12	NA	NA	NA	NA	NA	NA
SRR2225396	SRX1176735	SRS1051447	SRP063051	GSM1865387	GSE72574	ChIP-Seq	ILLUMINA	SINGLE - 	false	10090	NA	Paf1MT; Mus musculus; ChIP-Seq	GSM1865387	source_name: ChIP-seq Paf1MT || cell line: C2C12 || cell condition: myotubes || library protocol: ChIP-seq	cell line: C2C12 || cell condition: myotubes || library protocol: ChIP-seq	ChIP-seq Paf1MT -;- C2C12	C2C12	NA	NA	NA	NA	NA	NA
SRR2225397	SRX1176735	SRS1051447	SRP063051	GSM1865387	GSE72574	ChIP-Seq	ILLUMINA	SINGLE - 	false	10090	NA	Paf1MT; Mus musculus; ChIP-Seq	GSM1865387	source_name: ChIP-seq Paf1MT || cell line: C2C12 || cell condition: myotubes || library protocol: ChIP-seq	cell line: C2C12 || cell condition: myotubes || library protocol: ChIP-seq	ChIP-seq Paf1MT -;- C2C12	C2C12	NA	NA	NA	NA	NA	NA
SRR2225398	SRX1176736	SRS1051448	SRP063051	GSM1865388	GSE72574	ChIP-Seq	ILLUMINA	SINGLE - 	false	10090	NA	Paf1MT_Input; Mus musculus; ChIP-Seq	GSM1865388	source_name: Input for ChIP-seq Paf1MT || cell line: C2C12 || cell condition: myotubes || library protocol: ChIP-seq	cell line: C2C12 || cell condition: myotubes || library protocol: ChIP-seq	Input for ChIP-seq Paf1MT -;- C2C12	C2C12	NA	NA	NA	NA	NA	NA
SRR2225399	SRX1176736	SRS1051448	SRP063051	GSM1865388	GSE72574	ChIP-Seq	ILLUMINA	SINGLE - 	false	10090	NA	Paf1MT_Input; Mus musculus; ChIP-Seq	GSM1865388	source_name: Input for ChIP-seq Paf1MT || cell line: C2C12 || cell condition: myotubes || library protocol: ChIP-seq	cell line: C2C12 || cell condition: myotubes || library protocol: ChIP-seq	Input for ChIP-seq Paf1MT -;- C2C12	C2C12	NA	NA	NA	NA	NA	NA
SRR2225394	SRX1176734	SRS1051449	SRP063051	GSM1865386	GSE72574	ChIP-Seq	ILLUMINA	SINGLE - 	false	10090	NA	Paf1MB_Input; Mus musculus; ChIP-Seq	GSM1865386	source_name: Input for ChIP-seq Paf1MB || cell line: C2C12 || cell condition: myoblasts || library protocol: ChIP-seq	cell line: C2C12 || cell condition: myoblasts || library protocol: ChIP-seq	Input for ChIP-seq Paf1MB -;- C2C12	C2C12	NA	NA	NA	NA	NA	NA
SRR2225395	SRX1176734	SRS1051449	SRP063051	GSM1865386	GSE72574	ChIP-Seq	ILLUMINA	SINGLE - 	false	10090	NA	Paf1MB_Input; Mus musculus; ChIP-Seq	GSM1865386	source_name: Input for ChIP-seq Paf1MB || cell line: C2C12 || cell condition: myoblasts || library protocol: ChIP-seq	cell line: C2C12 || cell condition: myoblasts || library protocol: ChIP-seq	Input for ChIP-seq Paf1MB -;- C2C12	C2C12	NA	NA	NA	NA	NA	NA
SRR2225392	SRX1176733	SRS1051450	SRP063051	GSM1865385	GSE72574	ChIP-Seq	ILLUMINA	SINGLE - 	false	10090	NA	Paf1MB; Mus musculus; ChIP-Seq	GSM1865385	source_name: ChIP-seq Paf1MB || cell line: C2C12 || cell condition: myoblasts || library protocol: ChIP-seq	cell line: C2C12 || cell condition: myoblasts || library protocol: ChIP-seq	ChIP-seq Paf1MB -;- C2C12	C2C12	NA	NA	NA	NA	NA	NA
SRR2225393	SRX1176733	SRS1051450	SRP063051	GSM1865385	GSE72574	ChIP-Seq	ILLUMINA	SINGLE - 	false	10090	NA	Paf1MB; Mus musculus; ChIP-Seq	GSM1865385	source_name: ChIP-seq Paf1MB || cell line: C2C12 || cell condition: myoblasts || library protocol: ChIP-seq	cell line: C2C12 || cell condition: myoblasts || library protocol: ChIP-seq	ChIP-seq Paf1MB -;- C2C12	C2C12	NA	NA	NA	NA	NA	NA
SRR2225390	SRX1176732	SRS1051451	SRP063051	GSM1865384	GSE72574	ChIP-Seq	ILLUMINA	SINGLE - 	false	10090	NA	Leo1MT_Input; Mus musculus; ChIP-Seq	GSM1865384	source_name: Input for ChIP-seq Leo1MT || cell line: C2C12 || cell condition: myotubes || library protocol: ChIP-seq	cell line: C2C12 || cell condition: myotubes || library protocol: ChIP-seq	Input for ChIP-seq Leo1MT -;- C2C12	C2C12	NA	NA	NA	NA	NA	NA
SRR2225391	SRX1176732	SRS1051451	SRP063051	GSM1865384	GSE72574	ChIP-Seq	ILLUMINA	SINGLE - 	false	10090	NA	Leo1MT_Input; Mus musculus; ChIP-Seq	GSM1865384	source_name: Input for ChIP-seq Leo1MT || cell line: C2C12 || cell condition: myotubes || library protocol: ChIP-seq	cell line: C2C12 || cell condition: myotubes || library protocol: ChIP-seq	Input for ChIP-seq Leo1MT -;- C2C12	C2C12	NA	NA	NA	NA	NA	NA
SRR2225386	SRX1176730	SRS1051452	SRP063051	GSM1865382	GSE72574	ChIP-Seq	ILLUMINA	SINGLE - 	false	10090	NA	Leo1MB_Input; Mus musculus; ChIP-Seq	GSM1865382	source_name: Input for ChIP-seq Leo1MB || cell line: C2C12 || cell condition: myoblasts || library protocol: ChIP-seq	cell line: C2C12 || cell condition: myoblasts || library protocol: ChIP-seq	Input for ChIP-seq Leo1MB -;- C2C12	C2C12	NA	NA	NA	NA	NA	NA
SRR2225387	SRX1176730	SRS1051452	SRP063051	GSM1865382	GSE72574	ChIP-Seq	ILLUMINA	SINGLE - 	false	10090	NA	Leo1MB_Input; Mus musculus; ChIP-Seq	GSM1865382	source_name: Input for ChIP-seq Leo1MB || cell line: C2C12 || cell condition: myoblasts || library protocol: ChIP-seq	cell line: C2C12 || cell condition: myoblasts || library protocol: ChIP-seq	Input for ChIP-seq Leo1MB -;- C2C12	C2C12	NA	NA	NA	NA	NA	NA
SRR2225381	SRX1176728	SRS1051456	SRP063051	GSM1865380	GSE72574	ChIP-Seq	ILLUMINA	SINGLE - 	false	10090	NA	Ctr9MT_Input; Mus musculus; ChIP-Seq	GSM1865380	source_name: Input for ChIP-seq Ctr9MT || cell line: C2C12 || cell condition: myotubes || library protocol: ChIP-seq	cell line: C2C12 || cell condition: myotubes || library protocol: ChIP-seq	Input for ChIP-seq Ctr9MT -;- C2C12	C2C12	NA	NA	NA	NA	NA	NA
SRR2225382	SRX1176728	SRS1051456	SRP063051	GSM1865380	GSE72574	ChIP-Seq	ILLUMINA	SINGLE - 	false	10090	NA	Ctr9MT_Input; Mus musculus; ChIP-Seq	GSM1865380	source_name: Input for ChIP-seq Ctr9MT || cell line: C2C12 || cell condition: myotubes || library protocol: ChIP-seq	cell line: C2C12 || cell condition: myotubes || library protocol: ChIP-seq	Input for ChIP-seq Ctr9MT -;- C2C12	C2C12	NA	NA	NA	NA	NA	NA
SRR2225383	SRX1176728	SRS1051456	SRP063051	GSM1865380	GSE72574	ChIP-Seq	ILLUMINA	SINGLE - 	false	10090	NA	Ctr9MT_Input; Mus musculus; ChIP-Seq	GSM1865380	source_name: Input for ChIP-seq Ctr9MT || cell line: C2C12 || cell condition: myotubes || library protocol: ChIP-seq	cell line: C2C12 || cell condition: myotubes || library protocol: ChIP-seq	Input for ChIP-seq Ctr9MT -;- C2C12	C2C12	NA	NA	NA	NA	NA	NA
SRR2225375	SRX1176725	SRS1051459	SRP063051	GSM1865378	GSE72574	ChIP-Seq	ILLUMINA	SINGLE - 	false	10090	NA	Ctr9MB_Input; Mus musculus; ChIP-Seq	GSM1865378	source_name: Input for ChIP-seq Ctr9MB || cell line: C2C12 || cell condition: myoblasts || library protocol: ChIP-seq	cell line: C2C12 || cell condition: myoblasts || library protocol: ChIP-seq	Input for ChIP-seq Ctr9MB -;- C2C12	C2C12	NA	NA	NA	NA	NA	NA
SRR2225376	SRX1176725	SRS1051459	SRP063051	GSM1865378	GSE72574	ChIP-Seq	ILLUMINA	SINGLE - 	false	10090	NA	Ctr9MB_Input; Mus musculus; ChIP-Seq	GSM1865378	source_name: Input for ChIP-seq Ctr9MB || cell line: C2C12 || cell condition: myoblasts || library protocol: ChIP-seq	cell line: C2C12 || cell condition: myoblasts || library protocol: ChIP-seq	Input for ChIP-seq Ctr9MB -;- C2C12	C2C12	NA	NA	NA	NA	NA	NA
SRR2225377	SRX1176725	SRS1051459	SRP063051	GSM1865378	GSE72574	ChIP-Seq	ILLUMINA	SINGLE - 	false	10090	NA	Ctr9MB_Input; Mus musculus; ChIP-Seq	GSM1865378	source_name: Input for ChIP-seq Ctr9MB || cell line: C2C12 || cell condition: myoblasts || library protocol: ChIP-seq	cell line: C2C12 || cell condition: myoblasts || library protocol: ChIP-seq	Input for ChIP-seq Ctr9MB -;- C2C12	C2C12	NA	NA	NA	NA	NA	NA
SRR2225370	SRX1176723	SRS1051460	SRP063051	GSM1865376	GSE72574	ChIP-Seq	ILLUMINA	SINGLE - 	false	10090	NA	Cdc73MT_Input; Mus musculus; ChIP-Seq	GSM1865376	source_name: Input for ChIP-seq Cdc73MT || cell line: C2C12 || cell condition: myotubes || library protocol: ChIP-seq	cell line: C2C12 || cell condition: myotubes || library protocol: ChIP-seq	Input for ChIP-seq Cdc73MT -;- C2C12	C2C12	NA	NA	NA	NA	NA	NA
SRR2225371	SRX1176723	SRS1051460	SRP063051	GSM1865376	GSE72574	ChIP-Seq	ILLUMINA	SINGLE - 	false	10090	NA	Cdc73MT_Input; Mus musculus; ChIP-Seq	GSM1865376	source_name: Input for ChIP-seq Cdc73MT || cell line: C2C12 || cell condition: myotubes || library protocol: ChIP-seq	cell line: C2C12 || cell condition: myotubes || library protocol: ChIP-seq	Input for ChIP-seq Cdc73MT -;- C2C12	C2C12	NA	NA	NA	NA	NA	NA
SRR2225366	SRX1176721	SRS1051462	SRP063051	GSM1865374	GSE72574	ChIP-Seq	ILLUMINA	SINGLE - 	false	10090	NA	Cdc73MB_Input; Mus musculus; ChIP-Seq	GSM1865374	source_name: Input for ChIP-seq Cdc73MB || cell line: C2C12 || cell condition: myoblasts || library protocol: ChIP-seq	cell line: C2C12 || cell condition: myoblasts || library protocol: ChIP-seq	Input for ChIP-seq Cdc73MB -;- C2C12	C2C12	NA	NA	NA	NA	NA	NA
SRR2225367	SRX1176721	SRS1051462	SRP063051	GSM1865374	GSE72574	ChIP-Seq	ILLUMINA	SINGLE - 	false	10090	NA	Cdc73MB_Input; Mus musculus; ChIP-Seq	GSM1865374	source_name: Input for ChIP-seq Cdc73MB || cell line: C2C12 || cell condition: myoblasts || library protocol: ChIP-seq	cell line: C2C12 || cell condition: myoblasts || library protocol: ChIP-seq	Input for ChIP-seq Cdc73MB -;- C2C12	C2C12	NA	NA	NA	NA	NA	NA
SRR2518149	SRX1287880	SRS1090201	SRP064197	GSM1894012	GSE63974,GSE73445	ChIP-Seq	ILLUMINA	SINGLE - 	false	10090	NA	ChIP-Seq analysis of Paf1 in mouse ESCs under shPhf5a knockdown treatment replicate 3; Mus musculus; ChIP-Seq	GSM1894012	source_name: ESC shPhf5a WITH LIF || cell type: mouse embryonic stem cells || strain: C57BL/6 X 129/Sv || cell line: KH2 || chip antibody: Paf1 antibody, serum purified	cell type: mouse embryonic stem cells || strain: C57BL/6 X 129/Sv || cell line: KH2 || chip antibody: Paf1 antibody, serum purified	C57BL/6 X 129/Sv -;- ESC shPhf5a WITH LIF -;- mouse embryonic stem cells -;- KH2	mouse embryonic stem cells -;- KH2	Paf1 antibody, serum purified	Paf1 antibody, serum purified	NA	NA	NA	NA
SRR2518148	SRX1287879	SRS1090202	SRP064197	GSM1894011	GSE63974,GSE73445	ChIP-Seq	ILLUMINA	SINGLE - 	false	10090	NA	ChIP-Seq analysis of Paf1 in mouse ESCs under shPhf5a knockdown treatment replicate 2; Mus musculus; ChIP-Seq	GSM1894011	source_name: ESC shPhf5a WITH LIF || cell type: mouse embryonic stem cells || strain: C57BL/6 X 129/Sv || cell line: KH2 || chip antibody: Paf1 antibody, serum purified	cell type: mouse embryonic stem cells || strain: C57BL/6 X 129/Sv || cell line: KH2 || chip antibody: Paf1 antibody, serum purified	C57BL/6 X 129/Sv -;- ESC shPhf5a WITH LIF -;- mouse embryonic stem cells -;- KH2	mouse embryonic stem cells -;- KH2	Paf1 antibody, serum purified	Paf1 antibody, serum purified	NA	NA	NA	NA
SRR2518147	SRX1287878	SRS1090203	SRP064197	GSM1894010	GSE63974,GSE73445	ChIP-Seq	ILLUMINA	SINGLE - 	false	10090	NA	ChIP-Seq analysis of Paf1 in mouse ESCs under shPhf5a knockdown treatment replicate 1; Mus musculus; ChIP-Seq	GSM1894010	source_name: ESC shPhf5a WITH LIF || cell type: mouse embryonic stem cells || strain: C57BL/6 X 129/Sv || cell line: KH2 || chip antibody: Paf1 antibody, serum purified	cell type: mouse embryonic stem cells || strain: C57BL/6 X 129/Sv || cell line: KH2 || chip antibody: Paf1 antibody, serum purified	C57BL/6 X 129/Sv -;- ESC shPhf5a WITH LIF -;- mouse embryonic stem cells -;- KH2	mouse embryonic stem cells -;- KH2	Paf1 antibody, serum purified	Paf1 antibody, serum purified	NA	NA	NA	NA
SRR2518146	SRX1287877	SRS1090204	SRP064197	GSM1894009	GSE63974,GSE73445	ChIP-Seq	ILLUMINA	SINGLE - 	false	10090	NA	ChIP-Seq analysis of Paf1 in mouse ESCs under shControl knockdown treatment replicate 3; Mus musculus; ChIP-Seq	GSM1894009	source_name: ESC shControl WITH LIF || cell type: mouse embryonic stem cells || strain: C57BL/6 X 129/Sv || cell line: KH2 || chip antibody: Paf1 antibody, serum purified	cell type: mouse embryonic stem cells || strain: C57BL/6 X 129/Sv || cell line: KH2 || chip antibody: Paf1 antibody, serum purified	C57BL/6 X 129/Sv -;- ESC shControl WITH LIF -;- mouse embryonic stem cells -;- KH2	mouse embryonic stem cells -;- KH2	Paf1 antibody, serum purified	Paf1 antibody, serum purified	NA	NA	NA	NA
SRR2518145	SRX1287876	SRS1090205	SRP064197	GSM1894008	GSE63974,GSE73445	ChIP-Seq	ILLUMINA	SINGLE - 	false	10090	NA	ChIP-Seq analysis of Paf1 in mouse ESCs under shControl knockdown treatment replicate 2; Mus musculus; ChIP-Seq	GSM1894008	source_name: ESC shControl WITH LIF || cell type: mouse embryonic stem cells || strain: C57BL/6 X 129/Sv || cell line: KH2 || chip antibody: Paf1 antibody, serum purified	cell type: mouse embryonic stem cells || strain: C57BL/6 X 129/Sv || cell line: KH2 || chip antibody: Paf1 antibody, serum purified	C57BL/6 X 129/Sv -;- ESC shControl WITH LIF -;- mouse embryonic stem cells -;- KH2	mouse embryonic stem cells -;- KH2	Paf1 antibody, serum purified	Paf1 antibody, serum purified	NA	NA	NA	NA
SRR2518144	SRX1287875	SRS1090206	SRP064197	GSM1894007	GSE63974,GSE73445	ChIP-Seq	ILLUMINA	SINGLE - 	false	10090	NA	ChIP-Seq analysis of Paf1 in mouse ESCs under shControl knockdown treatment replicate 1; Mus musculus; ChIP-Seq	GSM1894007	source_name: ESC shControl WITH LIF || cell type: mouse embryonic stem cells || strain: C57BL/6 X 129/Sv || cell line: KH2 || chip antibody: Paf1 antibody, serum purified	cell type: mouse embryonic stem cells || strain: C57BL/6 X 129/Sv || cell line: KH2 || chip antibody: Paf1 antibody, serum purified	C57BL/6 X 129/Sv -;- ESC shControl WITH LIF -;- mouse embryonic stem cells -;- KH2	mouse embryonic stem cells -;- KH2	Paf1 antibody, serum purified	Paf1 antibody, serum purified	NA	NA	NA	NA
SRR4101213	SRX2068816	SRS1659720	SRP064197	GSM2299072	GSE63974,GSE73445	ChIP-Seq	ILLUMINA	SINGLE - 	false	10090	NA	ChIP-Seq analysis of Leo1 in mouse ESCs under shControl knockdown treatment replicate 1; Mus musculus; ChIP-Seq	GSM2299072	source_name: ESC shControl WITH LIF || cell type: mouse embryonic stem cells || chip antibody: Leo1 antibody, serum purified	cell type: mouse embryonic stem cells || chip antibody: Leo1 antibody, serum purified	ESC shControl WITH LIF -;- mouse embryonic stem cells	mouse embryonic stem cells	Leo1 antibody, serum purified	Leo1 antibody, serum purified	NA	NA	NA	NA
SRR4101214	SRX2068817	SRS1659721	SRP064197	GSM2299073	GSE63974,GSE73445	ChIP-Seq	ILLUMINA	SINGLE - 	false	10090	NA	ChIP-Seq analysis of Leo1 in mouse ESCs under shControl knockdown treatment replicate 2; Mus musculus; ChIP-Seq	GSM2299073	source_name: ESC shControl WITH LIF || cell type: mouse embryonic stem cells || chip antibody: Leo1 antibody, serum purified	cell type: mouse embryonic stem cells || chip antibody: Leo1 antibody, serum purified	ESC shControl WITH LIF -;- mouse embryonic stem cells	mouse embryonic stem cells	Leo1 antibody, serum purified	Leo1 antibody, serum purified	NA	NA	NA	NA
SRR4101215	SRX2068818	SRS1659722	SRP064197	GSM2299074	GSE63974,GSE73445	ChIP-Seq	ILLUMINA	SINGLE - 	false	10090	NA	ChIP-Seq analysis of Cdc73 in mouse ESCs under shControl knockdown treatment replicate 1; Mus musculus; ChIP-Seq	GSM2299074	source_name: ESC shControl WITH LIF || cell type: mouse embryonic stem cells || chip antibody: Cdc73 antibody, serum purified	cell type: mouse embryonic stem cells || chip antibody: Cdc73 antibody, serum purified	ESC shControl WITH LIF -;- mouse embryonic stem cells	mouse embryonic stem cells	Cdc73 antibody, serum purified	Cdc73 antibody, serum purified	NA	NA	NA	NA
SRR4101216	SRX2068819	SRS1659723	SRP064197	GSM2299075	GSE63974,GSE73445	ChIP-Seq	ILLUMINA	SINGLE - 	false	10090	NA	ChIP-Seq analysis of Cdc73 in mouse ESCs under shControl knockdown treatment replicate 2; Mus musculus; ChIP-Seq	GSM2299075	source_name: ESC shControl WITH LIF || cell type: mouse embryonic stem cells || chip antibody: Cdc73 antibody, serum purified	cell type: mouse embryonic stem cells || chip antibody: Cdc73 antibody, serum purified	ESC shControl WITH LIF -;- mouse embryonic stem cells	mouse embryonic stem cells	Cdc73 antibody, serum purified	Cdc73 antibody, serum purified	NA	NA	NA	NA
SRR3714022	SRX1873444	SRS1523400	SRP077016	GSM2212232	GSE83671	ChIP-Seq	ILLUMINA	PAIRED - 	true	9606	NA	SEM_H3K36me3_InputDNA; Homo sapiens; ChIP-Seq	GSM2212232	source_name: Leukemia cell line (SEM) || cell line: Leukemia cell line; SEM || cell type: Paediatric pro B-cell line derived from ALL with t(4;11)(q21;q23) translocation	cell line: Leukemia cell line; SEM || cell type: Paediatric pro B-cell line derived from ALL with t(4;11)(q21;q23) translocation	Leukemia cell line (SEM) -;- Paediatric pro B-cell line derived from ALL with t(4;11)(q21;q23) translocation -;- Leukemia cell line; SEM	Paediatric pro B-cell line derived from ALL with t(4;11)(q21;q23) translocation -;- Leukemia cell line; SEM	NA	NA	NA	NA	NA	NA
SRR3714024	SRX1873446	SRS1523402	SRP077016	GSM2212234	GSE83671	ChIP-Seq	ILLUMINA	PAIRED - 	true	9606	NA	SEM_BioCAP_InputDNA; Homo sapiens; ChIP-Seq	GSM2212234	source_name: Leukemia cell line (SEM) || cell line: Leukemia cell line; SEM || cell type: Paediatric pro B-cell line derived from ALL with t(4;11)(q21;q23) translocation	cell line: Leukemia cell line; SEM || cell type: Paediatric pro B-cell line derived from ALL with t(4;11)(q21;q23) translocation	Leukemia cell line (SEM) -;- Paediatric pro B-cell line derived from ALL with t(4;11)(q21;q23) translocation -;- Leukemia cell line; SEM	Paediatric pro B-cell line derived from ALL with t(4;11)(q21;q23) translocation -;- Leukemia cell line; SEM	NA	NA	NA	NA	NA	NA
SRR3714026	SRX1873448	SRS1523404	SRP077016	GSM2212236	GSE83671	ChIP-Seq	ILLUMINA	PAIRED - 	true	9606	NA	SEM_KDM2B_InputDNA; Homo sapiens; ChIP-Seq	GSM2212236	source_name: Leukemia cell line (SEM) || cell line: Leukemia cell line; SEM || cell type: Paediatric pro B-cell line derived from ALL with t(4;11)(q21;q23) translocation	cell line: Leukemia cell line; SEM || cell type: Paediatric pro B-cell line derived from ALL with t(4;11)(q21;q23) translocation	Leukemia cell line (SEM) -;- Paediatric pro B-cell line derived from ALL with t(4;11)(q21;q23) translocation -;- Leukemia cell line; SEM	Paediatric pro B-cell line derived from ALL with t(4;11)(q21;q23) translocation -;- Leukemia cell line; SEM	NA	NA	NA	NA	NA	NA
SRR3714028	SRX1873450	SRS1523406	SRP077016	GSM2212238	GSE83671	ChIP-Seq	ILLUMINA	PAIRED - 	true	9606	NA	SEM_BRD4_InputDNA; Homo sapiens; ChIP-Seq	GSM2212238	source_name: Leukemia cell line (SEM) || cell line: Leukemia cell line; SEM || cell type: Paediatric pro B-cell line derived from ALL with t(4;11)(q21;q23) translocation	cell line: Leukemia cell line; SEM || cell type: Paediatric pro B-cell line derived from ALL with t(4;11)(q21;q23) translocation	Leukemia cell line (SEM) -;- Paediatric pro B-cell line derived from ALL with t(4;11)(q21;q23) translocation -;- Leukemia cell line; SEM	Paediatric pro B-cell line derived from ALL with t(4;11)(q21;q23) translocation -;- Leukemia cell line; SEM	NA	NA	NA	NA	NA	NA
SRR3714030	SRX1873452	SRS1523408	SRP077016	GSM2212240	GSE83671	ChIP-Seq	ILLUMINA	PAIRED - 	true	9606	NA	SEM_MED1_InputDNA; Homo sapiens; ChIP-Seq	GSM2212240	source_name: Leukemia cell line (SEM) || cell line: Leukemia cell line; SEM || cell type: Paediatric pro B-cell line derived from ALL with t(4;11)(q21;q23) translocation	cell line: Leukemia cell line; SEM || cell type: Paediatric pro B-cell line derived from ALL with t(4;11)(q21;q23) translocation	Leukemia cell line (SEM) -;- Paediatric pro B-cell line derived from ALL with t(4;11)(q21;q23) translocation -;- Leukemia cell line; SEM	Paediatric pro B-cell line derived from ALL with t(4;11)(q21;q23) translocation -;- Leukemia cell line; SEM	NA	NA	NA	NA	NA	NA
SRR3714032	SRX1873454	SRS1523410	SRP077016	GSM2212242	GSE83671	ChIP-Seq	ILLUMINA	PAIRED - 	true	9606	NA	SEM_Menin_InputDNA; Homo sapiens; ChIP-Seq	GSM2212242	source_name: Leukemia cell line (SEM) || cell line: Leukemia cell line; SEM || cell type: Paediatric pro B-cell line derived from ALL with t(4;11)(q21;q23) translocation	cell line: Leukemia cell line; SEM || cell type: Paediatric pro B-cell line derived from ALL with t(4;11)(q21;q23) translocation	Leukemia cell line (SEM) -;- Paediatric pro B-cell line derived from ALL with t(4;11)(q21;q23) translocation -;- Leukemia cell line; SEM	Paediatric pro B-cell line derived from ALL with t(4;11)(q21;q23) translocation -;- Leukemia cell line; SEM	NA	NA	NA	NA	NA	NA
SRR3714033	SRX1873455	SRS1523411	SRP077016	GSM2212243	GSE83671	ChIP-Seq	ILLUMINA	PAIRED - 	true	9606	NA	SEM_PAF1_ChIPSeq; Homo sapiens; ChIP-Seq	GSM2212243	source_name: Leukemia cell line (SEM) || cell line: Leukemia cell line; SEM || cell type: Paediatric pro B-cell line derived from ALL with t(4;11)(q21;q23) translocation || chip antibody: PAF1 (Bethyl, A300-172A/1)	cell line: Leukemia cell line; SEM || cell type: Paediatric pro B-cell line derived from ALL with t(4;11)(q21;q23) translocation || chip antibody: PAF1 (Bethyl, A300-172A/1)	Leukemia cell line (SEM) -;- Paediatric pro B-cell line derived from ALL with t(4;11)(q21;q23) translocation -;- Leukemia cell line; SEM	Paediatric pro B-cell line derived from ALL with t(4;11)(q21;q23) translocation -;- Leukemia cell line; SEM	PAF1 (Bethyl, A300-172A/1)	PAF1 (Bethyl, A300-172A/1)	NA	NA	NA	NA
SRR3714040	SRX1873462	SRS1523418	SRP077016	GSM2212250	GSE83671	ChIP-Seq	ILLUMINA	PAIRED - 	true	9606	NA	ML2_H3K79me2_InputDNA; Homo sapiens; ChIP-Seq	GSM2212250	source_name: Leukemia cell line (ML-2) || cell line: Leukemia cell line; ML-2 || cell type: Adult monocytic cell line derived from AML M4 with t(6;11)(q27;q23) translocation	cell line: Leukemia cell line; ML-2 || cell type: Adult monocytic cell line derived from AML M4 with t(6;11)(q27;q23) translocation	Leukemia cell line (ML-2) -;- Adult monocytic cell line derived from AML M4 with t(6;11)(q27;q23) translocation -;- Leukemia cell line; ML-2	Adult monocytic cell line derived from AML M4 with t(6;11)(q27;q23) translocation -;- Leukemia cell line; ML-2	NA	NA	NA	NA	NA	NA
SRR3714042	SRX1873464	SRS1523420	SRP077016	GSM2212252	GSE83671	ChIP-Seq	ILLUMINA	PAIRED - 	true	9606	NA	ML2_MLL_InputDNA; Homo sapiens; ChIP-Seq	GSM2212252	source_name: Leukemia cell line (ML-2) || cell line: Leukemia cell line; ML-2 || cell type: Adult monocytic cell line derived from AML M4 with t(6;11)(q27;q23) translocation	cell line: Leukemia cell line; ML-2 || cell type: Adult monocytic cell line derived from AML M4 with t(6;11)(q27;q23) translocation	Leukemia cell line (ML-2) -;- Adult monocytic cell line derived from AML M4 with t(6;11)(q27;q23) translocation -;- Leukemia cell line; ML-2	Adult monocytic cell line derived from AML M4 with t(6;11)(q27;q23) translocation -;- Leukemia cell line; ML-2	NA	NA	NA	NA	NA	NA
SRR3714044	SRX1873466	SRS1523422	SRP077016	GSM2212254	GSE83671	ChIP-Seq	ILLUMINA	PAIRED - 	true	9606	NA	THP1_MLL_InputDNA; Homo sapiens; ChIP-Seq	GSM2212254	source_name: Leukemia cell line (THP-1) || cell line: Leukemia cell line; THP-1 || cell type: Paediatric monocytic cell line derived from AML M5 with t(9;11)(p21;q23) translocation	cell line: Leukemia cell line; THP-1 || cell type: Paediatric monocytic cell line derived from AML M5 with t(9;11)(p21;q23) translocation	Leukemia cell line (THP-1) -;- Paediatric monocytic cell line derived from AML M5 with t(9;11)(p21;q23) translocation -;- Leukemia cell line; THP-1	Paediatric monocytic cell line derived from AML M5 with t(9;11)(p21;q23) translocation -;- Leukemia cell line; THP-1	NA	NA	NA	NA	NA	NA
SRR3714046	SRX1873468	SRS1523424	SRP077016	GSM2212256	GSE83671	ChIP-Seq	ILLUMINA	PAIRED - 	true	9606	NA	KOPN8_MLL_InputDNA; Homo sapiens; ChIP-Seq	GSM2212256	source_name: Leukemia cell line (KOPN-8) || cell line: Leukemia cell line; KOPN-8 || cell type: Infant pre B-cell line derived from ALL with t(11;19)(q23;p13) translocation	cell line: Leukemia cell line; KOPN-8 || cell type: Infant pre B-cell line derived from ALL with t(11;19)(q23;p13) translocation	Leukemia cell line (KOPN-8) -;- Infant pre B-cell line derived from ALL with t(11;19)(q23;p13) translocation -;- Leukemia cell line; KOPN-8	Infant pre B-cell line derived from ALL with t(11;19)(q23;p13) translocation -;- Leukemia cell line; KOPN-8	NA	NA	NA	NA	NA	NA
SRR3714048	SRX1873470	SRS1523426	SRP077016	GSM2212258	GSE83671	ChIP-Seq	ILLUMINA	PAIRED - 	true	9606	NA	MV411_MLL_InputDNA; Homo sapiens; ChIP-Seq	GSM2212258	source_name: Leukemia cell line (MV4-11) || cell line: Leukemia cell line; MV4-11 || cell type: Paediatric monocytic cell line derived from AML M5 with t(4;11)(q21;q23) translocation	cell line: Leukemia cell line; MV4-11 || cell type: Paediatric monocytic cell line derived from AML M5 with t(4;11)(q21;q23) translocation	Leukemia cell line (MV4-11) -;- Paediatric monocytic cell line derived from AML M5 with t(4;11)(q21;q23) translocation -;- Leukemia cell line; MV4-11	Paediatric monocytic cell line derived from AML M5 with t(4;11)(q21;q23) translocation -;- Leukemia cell line; MV4-11	NA	NA	NA	NA	NA	NA
SRR3714050	SRX1873472	SRS1523428	SRP077016	GSM2212260	GSE83671	ChIP-Seq	ILLUMINA	PAIRED - 	true	9606	NA	CCRF_MLL_InputDNA; Homo sapiens; ChIP-Seq	GSM2212260	source_name: Leukemia cell line (CCRF-CEM) || cell line: Leukemia cell line; CCRF-CEM || cell type: Paediatric immature T-cell line derived from ALL with t(5;14)(q35.1;q32.2)	cell line: Leukemia cell line; CCRF-CEM || cell type: Paediatric immature T-cell line derived from ALL with t(5;14)(q35.1;q32.2)	Leukemia cell line (CCRF-CEM) -;- Paediatric immature T-cell line derived from ALL with t(5;14)(q35.1;q32.2) -;- Leukemia cell line; CCRF-CEM	Paediatric immature T-cell line derived from ALL with t(5;14)(q35.1;q32.2) -;- Leukemia cell line; CCRF-CEM	NA	NA	NA	NA	NA	NA
SRR3714052	SRX1873474	SRS1523430	SRP077016	GSM2212262	GSE83671	ChIP-Seq	ILLUMINA	PAIRED - 	true	9606	NA	RCH_MLL_InputDNA; Homo sapiens; ChIP-Seq	GSM2212262	source_name: Leukemia cell line (RCH-ACV) || cell line: Leukemia cell line; RCH-ACV || cell type: Paediatric pre B-cell line derived from cALL with t(1;19)(q23;p13) translocation	cell line: Leukemia cell line; RCH-ACV || cell type: Paediatric pre B-cell line derived from cALL with t(1;19)(q23;p13) translocation	Leukemia cell line (RCH-ACV) -;- Paediatric pre B-cell line derived from cALL with t(1;19)(q23;p13) translocation -;- Leukemia cell line; RCH-ACV	Paediatric pre B-cell line derived from cALL with t(1;19)(q23;p13) translocation -;- Leukemia cell line; RCH-ACV	NA	NA	NA	NA	NA	NA
SRR4477600	SRX2281248	SRS1766332	SRP077016	GSM2364543	GSE83671	ChIP-Seq	ILLUMINA	PAIRED - 	true	9606	NA	SEM_MLL_Replicate_InputDNA; Homo sapiens; ChIP-Seq	GSM2364543	source_name: Leukemia cell line (SEM) || cell type: Paediatric pro B-cell line derived from ALL with t(4;11)(q21;q23) translocation	cell type: Paediatric pro B-cell line derived from ALL with t(4;11)(q21;q23) translocation	Leukemia cell line (SEM) -;- Paediatric pro B-cell line derived from ALL with t(4;11)(q21;q23) translocation	Paediatric pro B-cell line derived from ALL with t(4;11)(q21;q23) translocation	NA	NA	NA	NA	NA	NA
SRR4477603	SRX2281251	SRS1766335	SRP077016	GSM2364546	GSE83671	ChIP-Seq	ILLUMINA	PAIRED - 	true	9606	NA	SEM_siControl_InputDNA; Homo sapiens; ChIP-Seq	GSM2364546	source_name: Leukemia cell line (SEM) || cell type: Paediatric pro B-cell line derived from ALL with t(4;11)(q21;q23) translocation	cell type: Paediatric pro B-cell line derived from ALL with t(4;11)(q21;q23) translocation	Leukemia cell line (SEM) -;- Paediatric pro B-cell line derived from ALL with t(4;11)(q21;q23) translocation	Paediatric pro B-cell line derived from ALL with t(4;11)(q21;q23) translocation	NA	NA	NA	NA	NA	NA
SRR4477606	SRX2281254	SRS1766338	SRP077016	GSM2364549	GSE83671	ChIP-Seq	ILLUMINA	PAIRED - 	true	9606	NA	SEM_siMLL-AF4_InputDNA; Homo sapiens; ChIP-Seq	GSM2364549	source_name: Leukemia cell line (SEM) || cell type: Paediatric pro B-cell line derived from ALL with t(4;11)(q21;q23) translocation	cell type: Paediatric pro B-cell line derived from ALL with t(4;11)(q21;q23) translocation	Leukemia cell line (SEM) -;- Paediatric pro B-cell line derived from ALL with t(4;11)(q21;q23) translocation	Paediatric pro B-cell line derived from ALL with t(4;11)(q21;q23) translocation	NA	NA	NA	NA	NA	NA
SRR4477609	SRX2281257	SRS1766341	SRP077016	GSM2364552	GSE83671	ChIP-Seq	ILLUMINA	PAIRED - 	true	9606	NA	PT_InputDNA; Homo sapiens; ChIP-Seq	GSM2364552	source_name: L826 || cell type: Presentation ALL patient sample engrafred in mice and harvested from spleen	cell type: Presentation ALL patient sample engrafred in mice and harvested from spleen	L826 -;- Presentation ALL patient sample engrafred in mice and harvested from spleen	Presentation ALL patient sample engrafred in mice and harvested from spleen	NA	NA	NA	NA	NA	NA
SRR4477611	SRX2281259	SRS1766343	SRP077016	GSM2364554	GSE83671	ChIP-Seq	ILLUMINA	PAIRED - 	true	9606	NA	CB_InputDNA; Homo sapiens; ChIP-Seq	GSM2364554	source_name: Cord blood || cell type: Mononuclear cells from full-term cord blood	cell type: Mononuclear cells from full-term cord blood	Cord blood -;- Mononuclear cells from full-term cord blood	Mononuclear cells from full-term cord blood	NA	NA	NA	NA	NA	NA
SRR4477614	SRX2281261	SRS1766345	SRP077016	GSM2364556	GSE83671	ChIP-Seq	ILLUMINA	PAIRED - 	true	9606	NA	FBM_InputDNA; Homo sapiens; ChIP-Seq	GSM2364556	source_name: Fetal bone marrow || cell type: Mononuclear cells from second trimester human fetal bone marrow	cell type: Mononuclear cells from second trimester human fetal bone marrow	Fetal bone marrow -;- Mononuclear cells from second trimester human fetal bone marrow	Mononuclear cells from second trimester human fetal bone marrow	NA	NA	NA	NA	NA	NA
