ID	fileName	fileNamePE	experiment	tissue	condition	replicate	lane	merge	input	pairedEnd	macsGroup	phredScore	adapter	trimQuality	adapterPE	trimQualityPE
SRR002016			SRP000217	NA	Illumina sequencing of Mouse genomic fragment library		3	SRX000547	N	false						
SRR002017			SRP000217	NA	Illumina sequencing of Mouse genomic fragment library		1	SRX000547	N	false						
SRR002018			SRP000217	NA	Illumina sequencing of Mouse genomic fragment library		2	SRX000547	N	false						
SRR002019			SRP000217	NA	Illumina sequencing of Mouse genomic fragment library		4	SRX000547	N	false						
SRR271943			SRP002451	Stat3fl/fl FoxP3-GFP<STAT3 wild type> -;- in vitro polarized Th17 T cells -;- WT-Th17 polazied T cells from naive	Stat3fl/fl FoxP3-GFP<STAT3 wild type>, H3K4me3_ChIPSeq		1		N	false						
SRR271944			SRP002451	Stat3fl/fl FoxP3-GFP, CD4-Cre<STAT3 deficient> -;- in vitro polarized Th17 T cells -;- STAT3-deficient-Th17 polarized T cells from naÃƒÂ¯ve	Stat3fl/fl FoxP3-GFP, CD4-Cre<STAT3 deficient>, H3K4me3_ChIPSeq		1		N	false						
SRR271642			SRP002451	Stat3fl/fl FoxP3-GFP<STAT3 wild type> -;- in vitro polarized Th17 T cells -;- WT-Th17 polazied T cells from naive	Stat3fl/fl FoxP3-GFP<STAT3 wild type>, STAT3-ChIPSeq		1		N	false						
SRR069061			SRP003810	C57BL/6 -;- CD4+ T cells -;- CD4+ T cells stimulated by IL-6 and IL23	Stat3_ChIPSeq		1		N	false						
ERR361904			ERP004237	embryonic stem cell -;- H1	Illumina HiSeq 2000 sequencing; ChIP-Seq of STAT3 in 3iL Human Embryonic Stem Cells		1		N	false						
SRR099051			SRP005649	C57BL/6 -;- Dendritic Cell in Spleen	STAT3_control_ChIPSeq		1		N	false						
SRR099052			SRP005649	C57BL/6 -;- Dendritic Cell in Spleen	IL21_STAT3_ChIPSeq		1		N	false						
SRR099053			SRP005649	C57BL/6 -;- Dendritic Cell in Spleen	IL21+GMCSF_STAT3_ChIPSeq		1		N	false						
SRR332191			SRP007865	C57BL/6JJcl -;- ChIP in untreated macrophages against STAT3 -;- Adherent peritoneal exudate macrophages	PEC_Untreated_STAT3_ChIPseq		1		N	false						
SRR332192			SRP007865	C57BL/6JJcl -;- ChIP in IL-10 treated (4 hours) macrophages against STAT3 -;- Adherent peritoneal exudate macrophages	PEC_IL10-treated_STAT3_ChIPseq		1		N	false						
SRR332193			SRP007865	C57BL/6JJcl -;- Input chromatin from untreated macrophages -;- Adherent peritoneal exudate macrophages	PEC_Untreated_Input_ChIPseq		1		input	false						
SRR332194			SRP007865	C57BL/6JJcl -;- Input chromatin from IL-10 treated (4 hours) macrophages -;- Adherent peritoneal exudate macrophages	PEC_IL10-treated_Input_ChIPseq		1		input	false						
SRR353505			SRP007993	HeLa-S3 -;- cervical carcinoma -;- ectoderm	Yale_ChipSeq_HeLa-S3_Input_std		1		input	false						
SRR353506			SRP007993	HepG2 -;- hepatocellular carcinoma -;- endoderm	USC_ChipSeq_HepG2_Input_UCDavis		1		input	false						
SRR353507			SRP007993	HCT-116 -;- colorectal carcinoma (PMID: 7214343) -;- endoderm	USC_ChipSeq_HCT-116_Input_UCDavis		1		input	false						
SRR353665			SRP007993	HeLa-S3 -;- cervical carcinoma -;- ectoderm	USC_ChipSeq_HeLa-S3_Input_UCDavis		1		input	false						
SRR501923			SRP007993	HeLa-S3 -;- cervical carcinoma -;- ectoderm	Stanford_ChipSeq_HeLa-S3_STAT3_IgG-rab		2	SRX150356	N	false						
SRR501924			SRP007993	HeLa-S3 -;- cervical carcinoma -;- ectoderm	Stanford_ChipSeq_HeLa-S3_STAT3_IgG-rab		1	SRX150356	N	false						
SRR501944			SRP007993	GM15510 -;- lymphoblastoid NIGMS Human Genetic Cell Repository, DNA Polymorphism Discovery Resource Collection, treatment: Epstein-Barr Virus transformed -;- mesoderm	Stanford_ChipSeq_GM15510_Input_IgG-mus		1	SRX150364	input	false						
SRR501945			SRP007993	GM15510 -;- lymphoblastoid NIGMS Human Genetic Cell Repository, DNA Polymorphism Discovery Resource Collection, treatment: Epstein-Barr Virus transformed -;- mesoderm	Stanford_ChipSeq_GM15510_Input_IgG-mus		2	SRX150364	input	false						
SRR501949			SRP007993	GM12892 -;- B-lymphocyte, lymphoblastoid, International HapMap Project, CEPH/Utah pedigree 1463, treatment: Epstein-Barr Virus transformed -;- mesoderm	Stanford_ChipSeq_GM12892_Input_IgG-mus		2	SRX150366	input	false						
SRR501950			SRP007993	GM12892 -;- B-lymphocyte, lymphoblastoid, International HapMap Project, CEPH/Utah pedigree 1463, treatment: Epstein-Barr Virus transformed -;- mesoderm	Stanford_ChipSeq_GM12892_Input_IgG-mus		1	SRX150366	input	false						
SRR501957			SRP007993	U2OS -;- osteosarcoma from the tibia of a 15 year old, J. Ponten and E. Saksela derived this line (originally 2T) in 1964 from a moderately differentiated sarcoma, viruses were not detected during co-cultivation with WI-38 cells or in CF tests against SV40, RSV or adenoviruses, mycoplasma contamination was detected and eliminated in 1972, (PMID: 6081590) -;- mesoderm	USC_ChipSeq_U2OS_Input_UCDavis		1		input	false						
SRR502008			SRP007993	HepG2 -;- hepatocellular carcinoma -;- endoderm	Yale_ChipSeq_HepG2_pravastatin_Input_std		3	SRX150393	input	false						
SRR502009			SRP007993	HepG2 -;- hepatocellular carcinoma -;- endoderm	Yale_ChipSeq_HepG2_pravastatin_Input_std		1	SRX150393	input	false						
SRR502010			SRP007993	HepG2 -;- hepatocellular carcinoma -;- endoderm	Yale_ChipSeq_HepG2_pravastatin_Input_std		2	SRX150393	input	false						
SRR502027			SRP007993	SH-SY5Y -;- neuroblastoma clonal subline of the neuroepithelioma cell line SK-N-SH from the 1970 bone marrow biopsy of a 4-year-old girl with metastatic neuroblastoma, trisomy of 1q -;- ectoderm	USC_ChipSeq_SH-SY5Y_Input_UCDavis		1		input	false						
SRR502028			SRP007993	GM19099 -;- lymphoblastoid, International HapMap Project, Yoruba in Ibadan, Nigera, treatment: Epstein-Barr Virus transformed -;- mesoderm	Stanford_ChipSeq_GM19099_Input_IgG-mus		2	SRX150402	input	false						
SRR502029			SRP007993	GM19099 -;- lymphoblastoid, International HapMap Project, Yoruba in Ibadan, Nigera, treatment: Epstein-Barr Virus transformed -;- mesoderm	Stanford_ChipSeq_GM19099_Input_IgG-mus		1	SRX150402	input	false						
SRR502033			SRP007993	GM19193 -;- lymphoblastoid, International HapMap Project, Yoruba in Ibadan, Nigera, treatment: Epstein-Barr Virus transformed -;- mesoderm	Stanford_ChipSeq_GM19193_Input_IgG-mus		1	SRX150404	input	false						
SRR502034			SRP007993	GM19193 -;- lymphoblastoid, International HapMap Project, Yoruba in Ibadan, Nigera, treatment: Epstein-Barr Virus transformed -;- mesoderm	Stanford_ChipSeq_GM19193_Input_IgG-mus		2	SRX150404	input	false						
SRR502041			SRP007993	HEK293-T-REx -;- embryonic kidney cells transformed with Adenovirus 5 DNA stably expressing tetracycline repressor, HEK293 (ATCC number CRL-1573) is the parental cell line, hypotriploid, XXX -;- mesoderm	USC_ChipSeq_HEK293-T-REx_Input_UCDavis		1		input	false						
SRR502054			SRP007993	PBDEFetal -;- peripheral blood-derived erythroblasts from 16-19 week human fetal liver -;- mesoderm	USC_ChipSeq_PBDEFetal_Input_UCDavis		1		input	false						
SRR502063			SRP007993	HeLa-S3 -;- cervical carcinoma -;- ectoderm	Stanford_ChipSeq_HeLa-S3_Input_IgG-rab		1		input	false						
SRR502077			SRP007993	HUVEC -;- umbilical vein endothelial cells -;- mesoderm	USC_ChipSeq_HUVEC_Input_UCDavis		1		input	false						
SRR502090			SRP007993	H1-hESC -;- embryonic stem cells -;- inner cell mass	USC_ChipSeq_H1-hESC_Input_UCDavis		1		input	false						
SRR502099			SRP007993	HeLa-S3 -;- cervical carcinoma -;- ectoderm	Yale_ChipSeq_HeLa-S3_IFNg30_Input_std		1		input	false						
SRR502102			SRP007993	NB4 -;- acute promyelocytic leukemia cell line. (PMID: 1995093) -;- mesoderm	Yale_ChipSeq_NB4_Input_std		1		input	false						
SRR502109			SRP007993	K562 -;- leukemia, "The continuous cell line K-562 was established by Lozzio and Lozzio from the pleural effusion of a 53-year-old female with chronic myelogenous leukemia in terminal blast crises." - ATCC -;- mesoderm	Yale_ChipSeq_K562_Input_std		2	SRX150443	input	false						
SRR502110			SRP007993	K562 -;- leukemia, "The continuous cell line K-562 was established by Lozzio and Lozzio from the pleural effusion of a 53-year-old female with chronic myelogenous leukemia in terminal blast crises." - ATCC -;- mesoderm	Yale_ChipSeq_K562_Input_std		1	SRX150443	input	false						
SRR502145			SRP007993	H1-hESC -;- embryonic stem cells -;- inner cell mass	Stanford_ChipSeq_H1-hESC_Input_IgG-rab		1		input	false						
SRR502162			SRP007993	GM12891 -;- B-lymphocyte, lymphoblastoid, International HapMap Project, CEPH/Utah pedigree 1463, treatment: Epstein-Barr Virus transformed -;- mesoderm	Stanford_ChipSeq_GM12891_Input_IgG-mus		1	SRX150467	input	false						
SRR502163			SRP007993	GM12891 -;- B-lymphocyte, lymphoblastoid, International HapMap Project, CEPH/Utah pedigree 1463, treatment: Epstein-Barr Virus transformed -;- mesoderm	Stanford_ChipSeq_GM12891_Input_IgG-mus		2	SRX150467	input	false						
SRR502168			SRP007993	GM12878 -;- B-lymphocyte, lymphoblastoid, International HapMap Project - CEPH/Utah - European Caucasion, Epstein-Barr Virus -;- mesoderm	Stanford_ChipSeq_GM12878_Input_IgG-mus		2	SRX150470	input	false						
SRR502169			SRP007993	GM12878 -;- B-lymphocyte, lymphoblastoid, International HapMap Project - CEPH/Utah - European Caucasion, Epstein-Barr Virus -;- mesoderm	Stanford_ChipSeq_GM12878_Input_IgG-mus		1	SRX150470	input	false						
SRR502188			SRP007993	MCF10A-Er-Src -;- mammary gland, non-tumorigenic epithelial, inducible cell line, derived from the MCF-10A parental cells and contain ER-Src, a derivative of the Src kinase oncoprotein (v-Src) that is fused to the ligand-binding domain of the estrogen receptor (ER) -;- ectoderm	Harvard_ChipSeq_MCF10A-Er-Src_4OHTAM_1uM_12hr_STAT3_Harvard_Control		2	SRX150479	N	false						
SRR502189			SRP007993	MCF10A-Er-Src -;- mammary gland, non-tumorigenic epithelial, inducible cell line, derived from the MCF-10A parental cells and contain ER-Src, a derivative of the Src kinase oncoprotein (v-Src) that is fused to the ligand-binding domain of the estrogen receptor (ER) -;- ectoderm	Harvard_ChipSeq_MCF10A-Er-Src_4OHTAM_1uM_12hr_STAT3_Harvard_Control		1	SRX150479	N	false						
SRR502215			SRP007993	GM12878 -;- B-lymphocyte, lymphoblastoid, International HapMap Project - CEPH/Utah - European Caucasion, Epstein-Barr Virus -;- mesoderm	Yale_ChipSeq_GM12878_Input_std		1		input	false						
SRR502224			SRP007993	MCF10A-Er-Src -;- mammary gland, non-tumorigenic epithelial, inducible cell line, derived from the MCF-10A parental cells and contain ER-Src, a derivative of the Src kinase oncoprotein (v-Src) that is fused to the ligand-binding domain of the estrogen receptor (ER) -;- ectoderm	Harvard_ChipSeq_MCF10A-Er-Src_EtOH_0.01pct_4hr_Input_std		1		input	false						
SRR502225			SRP007993	K562 -;- leukemia, "The continuous cell line K-562 was established by Lozzio and Lozzio from the pleural effusion of a 53-year-old female with chronic myelogenous leukemia in terminal blast crises." - ATCC -;- mesoderm	Yale_ChipSeq_K562_IFNa6h_Input_std		1		input	false						
SRR502226			SRP007993	K562 -;- leukemia, "The continuous cell line K-562 was established by Lozzio and Lozzio from the pleural effusion of a 53-year-old female with chronic myelogenous leukemia in terminal blast crises." - ATCC -;- mesoderm	Yale_ChipSeq_K562_IFNg30_Input_std		1		input	false						
SRR502227			SRP007993	NT2-D1 -;- malignant pluripotent embryonal carcinoma (NTera-2), "The NTERA-2 cl.D1 cell line is a pluripotent human testicular embryonal carcinoma cell line derived by cloning the NTERA-2 cell line." - ATCC. (PMID: 6694356) -;- inner cell mass	USC_ChipSeq_NT2-D1_Input_UCDavis		1		input	false						
SRR502228			SRP007993	K562 -;- leukemia, "The continuous cell line K-562 was established by Lozzio and Lozzio from the pleural effusion of a 53-year-old female with chronic myelogenous leukemia in terminal blast crises." - ATCC -;- mesoderm	Yale_ChipSeq_K562_IFNa30_Input_std		1		input	false						
SRR502237			SRP007993	K562 -;- leukemia, "The continuous cell line K-562 was established by Lozzio and Lozzio from the pleural effusion of a 53-year-old female with chronic myelogenous leukemia in terminal blast crises." - ATCC -;- mesoderm	Yale_ChipSeq_K562_IFNg6h_Input_std		1		input	false						
SRR502271			SRP007993	HepG2 -;- hepatocellular carcinoma -;- endoderm	Stanford_ChipSeq_HepG2_insulin_Input_std		1	SRX150522	input	false						
SRR502272			SRP007993	HepG2 -;- hepatocellular carcinoma -;- endoderm	Stanford_ChipSeq_HepG2_insulin_Input_std		2	SRX150522	input	false						
SRR502273			SRP007993	HepG2 -;- hepatocellular carcinoma -;- endoderm	Stanford_ChipSeq_HepG2_forskolin_Input_std		1	SRX150523	input	false						
SRR502274			SRP007993	HepG2 -;- hepatocellular carcinoma -;- endoderm	Stanford_ChipSeq_HepG2_forskolin_Input_std		2	SRX150523	input	false						
SRR502278			SRP007993	GM18505 -;- lymphoblastoid, International HapMap Project, Yoruba in Ibadan, Nigera, treatment: Epstein-Barr Virus transformed -;- mesoderm	Stanford_ChipSeq_GM18505_TNFa_Input_IgG-rab		1	SRX150525	input	false						
SRR502279			SRP007993	GM18505 -;- lymphoblastoid, International HapMap Project, Yoruba in Ibadan, Nigera, treatment: Epstein-Barr Virus transformed -;- mesoderm	Stanford_ChipSeq_GM18505_TNFa_Input_IgG-rab		2	SRX150525	input	false						
SRR502280			SRP007993	GM15510 -;- lymphoblastoid NIGMS Human Genetic Cell Repository, DNA Polymorphism Discovery Resource Collection, treatment: Epstein-Barr Virus transformed -;- mesoderm	Stanford_ChipSeq_GM15510_TNFa_Input_IgG-rab		2	SRX150526	input	false						
SRR502281			SRP007993	GM15510 -;- lymphoblastoid NIGMS Human Genetic Cell Repository, DNA Polymorphism Discovery Resource Collection, treatment: Epstein-Barr Virus transformed -;- mesoderm	Stanford_ChipSeq_GM15510_TNFa_Input_IgG-rab		1	SRX150526	input	false						
SRR502282			SRP007993	GM18951 -;- lymphoblastoid, International HapMap Project, Japanese in Tokyo, Japan, treatment: Epstein-Barr Virus transformed -;- mesoderm	Stanford_ChipSeq_GM18951_TNFa_Input_IgG-rab		1	SRX150527	input	false						
SRR502283			SRP007993	GM18951 -;- lymphoblastoid, International HapMap Project, Japanese in Tokyo, Japan, treatment: Epstein-Barr Virus transformed -;- mesoderm	Stanford_ChipSeq_GM18951_TNFa_Input_IgG-rab		2	SRX150527	input	false						
SRR502284			SRP007993	GM18526 -;- lymphoblastoid, International HapMap Project, Han Chinese in Beijing, China, treatment: Epstein-Barr Virus transformed -;- mesoderm	Stanford_ChipSeq_GM18526_TNFa_Input_IgG-rab		1	SRX150528	input	false						
SRR502285			SRP007993	GM18526 -;- lymphoblastoid, International HapMap Project, Han Chinese in Beijing, China, treatment: Epstein-Barr Virus transformed -;- mesoderm	Stanford_ChipSeq_GM18526_TNFa_Input_IgG-rab		2	SRX150528	input	false						
SRR502286			SRP007993	GM12878 -;- B-lymphocyte, lymphoblastoid, International HapMap Project - CEPH/Utah - European Caucasion, Epstein-Barr Virus -;- mesoderm	Stanford_ChipSeq_GM12878_Input_IgG-rab		1	SRX150529	input	false						
SRR502287			SRP007993	GM12878 -;- B-lymphocyte, lymphoblastoid, International HapMap Project - CEPH/Utah - European Caucasion, Epstein-Barr Virus -;- mesoderm	Stanford_ChipSeq_GM12878_Input_IgG-rab		2	SRX150529	input	false						
SRR502288			SRP007993	GM10847 -;- lymphoblastoid, International HapMap Project, CEPH/Utah, treatment: Epstein-Barr Virus transformed -;- mesoderm	Stanford_ChipSeq_GM10847_TNFa_Input_IgG-rab		2	SRX150530	input	false						
SRR502289			SRP007993	GM10847 -;- lymphoblastoid, International HapMap Project, CEPH/Utah, treatment: Epstein-Barr Virus transformed -;- mesoderm	Stanford_ChipSeq_GM10847_TNFa_Input_IgG-rab		1	SRX150530	input	false						
SRR502290			SRP007993	GM12892 -;- B-lymphocyte, lymphoblastoid, International HapMap Project, CEPH/Utah pedigree 1463, treatment: Epstein-Barr Virus transformed -;- mesoderm	Stanford_ChipSeq_GM12892_TNFa_Input_IgG-rab		1	SRX150531	input	false						
SRR502291			SRP007993	GM12892 -;- B-lymphocyte, lymphoblastoid, International HapMap Project, CEPH/Utah pedigree 1463, treatment: Epstein-Barr Virus transformed -;- mesoderm	Stanford_ChipSeq_GM12892_TNFa_Input_IgG-rab		2	SRX150531	input	false						
SRR502292			SRP007993	GM12891 -;- B-lymphocyte, lymphoblastoid, International HapMap Project, CEPH/Utah pedigree 1463, treatment: Epstein-Barr Virus transformed -;- mesoderm	Stanford_ChipSeq_GM12891_TNFa_Input_IgG-rab		2	SRX150532	input	false						
SRR502293			SRP007993	GM12891 -;- B-lymphocyte, lymphoblastoid, International HapMap Project, CEPH/Utah pedigree 1463, treatment: Epstein-Barr Virus transformed -;- mesoderm	Stanford_ChipSeq_GM12891_TNFa_Input_IgG-rab		1	SRX150532	input	false						
SRR502294			SRP007993	GM19193 -;- lymphoblastoid, International HapMap Project, Yoruba in Ibadan, Nigera, treatment: Epstein-Barr Virus transformed -;- mesoderm	Stanford_ChipSeq_GM19193_TNFa_Input_IgG-rab		1	SRX150533	input	false						
SRR502295			SRP007993	GM19193 -;- lymphoblastoid, International HapMap Project, Yoruba in Ibadan, Nigera, treatment: Epstein-Barr Virus transformed -;- mesoderm	Stanford_ChipSeq_GM19193_TNFa_Input_IgG-rab		2	SRX150533	input	false						
SRR502296			SRP007993	GM19099 -;- lymphoblastoid, International HapMap Project, Yoruba in Ibadan, Nigera, treatment: Epstein-Barr Virus transformed -;- mesoderm	Stanford_ChipSeq_GM19099_TNFa_Input_IgG-rab		2	SRX150534	input	false						
SRR502297			SRP007993	GM19099 -;- lymphoblastoid, International HapMap Project, Yoruba in Ibadan, Nigera, treatment: Epstein-Barr Virus transformed -;- mesoderm	Stanford_ChipSeq_GM19099_TNFa_Input_IgG-rab		1	SRX150534	input	false						
SRR502300			SRP007993	MCF10A-Er-Src -;- mammary gland, non-tumorigenic epithelial, inducible cell line, derived from the MCF-10A parental cells and contain ER-Src, a derivative of the Src kinase oncoprotein (v-Src) that is fused to the ligand-binding domain of the estrogen receptor (ER) -;- ectoderm	Harvard_ChipSeq_MCF10A-Er-Src_4OHTAM_1uM_36hr_STAT3_std		2	SRX150536	N	false						
SRR502301			SRP007993	MCF10A-Er-Src -;- mammary gland, non-tumorigenic epithelial, inducible cell line, derived from the MCF-10A parental cells and contain ER-Src, a derivative of the Src kinase oncoprotein (v-Src) that is fused to the ligand-binding domain of the estrogen receptor (ER) -;- ectoderm	Harvard_ChipSeq_MCF10A-Er-Src_4OHTAM_1uM_36hr_STAT3_std		1	SRX150536	N	false						
SRR502306			SRP007993	Raji -;- B lymphocyte, "The Raji line of lymphoblast-like cells was established by R.J.V. Pulvertaft in 1963 from a Burkitt's lymphoma of the left maxilla of an 11-year-old Black male." - ATCC. (PMID: 14086209) -;- mesoderm	USC_ChipSeq_Raji_Input_UCDavis		1		input	false						
SRR502357			SRP007993	MCF-7 -;- mammary gland, adenocarcinoma. (PMID: 4357757), newly promoted to tier 2: not in 2011 analysis -;- ectoderm	USC_ChipSeq_MCF-7_Input_UCDavis		2	SRX150564	input	false						
SRR502358			SRP007993	MCF-7 -;- mammary gland, adenocarcinoma. (PMID: 4357757), newly promoted to tier 2: not in 2011 analysis -;- ectoderm	USC_ChipSeq_MCF-7_Input_UCDavis		1	SRX150564	input	false						
SRR502408			SRP007993	HUVEC -;- umbilical vein endothelial cells -;- mesoderm	Yale_ChipSeq_HUVEC_Input_std		2	SRX150589	input	false						
SRR502409			SRP007993	HUVEC -;- umbilical vein endothelial cells -;- mesoderm	Yale_ChipSeq_HUVEC_Input_std		1	SRX150589	input	false						
SRR502413			SRP007993	IMR90 -;- fetal lung fibroblasts, newly promoted to tier 2: not in 2011 analysis -;- endoderm	Stanford_ChipSeq_IMR90_Input_IgG-rab		2	SRX150591	input	false						
SRR502414			SRP007993	IMR90 -;- fetal lung fibroblasts, newly promoted to tier 2: not in 2011 analysis -;- endoderm	Stanford_ChipSeq_IMR90_Input_IgG-rab		1	SRX150591	input	false						
SRR502419			SRP007993	HepG2 -;- hepatocellular carcinoma -;- endoderm	Stanford_ChipSeq_HepG2_Input_IgG-goat		1	SRX150594	input	false						
SRR502420			SRP007993	HepG2 -;- hepatocellular carcinoma -;- endoderm	Stanford_ChipSeq_HepG2_Input_IgG-goat		2	SRX150594	input	false						
SRR502437			SRP007993	GM18505 -;- lymphoblastoid, International HapMap Project, Yoruba in Ibadan, Nigera, treatment: Epstein-Barr Virus transformed -;- mesoderm	Stanford_ChipSeq_GM18505_Input_IgG-mus		2	SRX150602	input	false						
SRR502438			SRP007993	GM18505 -;- lymphoblastoid, International HapMap Project, Yoruba in Ibadan, Nigera, treatment: Epstein-Barr Virus transformed -;- mesoderm	Stanford_ChipSeq_GM18505_Input_IgG-mus		1	SRX150602	input	false						
SRR502442			SRP007993	GM18526 -;- lymphoblastoid, International HapMap Project, Han Chinese in Beijing, China, treatment: Epstein-Barr Virus transformed -;- mesoderm	Stanford_ChipSeq_GM18526_Input_IgG-mus		2	SRX150604	input	false						
SRR502443			SRP007993	GM18526 -;- lymphoblastoid, International HapMap Project, Han Chinese in Beijing, China, treatment: Epstein-Barr Virus transformed -;- mesoderm	Stanford_ChipSeq_GM18526_Input_IgG-mus		1	SRX150604	input	false						
SRR502444			SRP007993	GM18526 -;- lymphoblastoid, International HapMap Project, Han Chinese in Beijing, China, treatment: Epstein-Barr Virus transformed -;- mesoderm	Stanford_ChipSeq_GM18526_Input_IgG-mus		3	SRX150604	input	false						
SRR502453			SRP007993	GM18951 -;- lymphoblastoid, International HapMap Project, Japanese in Tokyo, Japan, treatment: Epstein-Barr Virus transformed -;- mesoderm	Stanford_ChipSeq_GM18951_Input_IgG-mus		1		input	false						
SRR502469			SRP007993	HEK293 -;- embryonic kidney, cells contain Adenovirus 5 DNA (PMID: 11967234) -;- mesoderm	Yale_ChipSeq_HEK293_Input_std		1		input	false						
SRR502473			SRP007993	HeLa-S3 -;- cervical carcinoma -;- ectoderm	Yale_ChipSeq_HeLa-S3_Input_IgG-mus		2	SRX150614	input	false						
SRR502474			SRP007993	HeLa-S3 -;- cervical carcinoma -;- ectoderm	Yale_ChipSeq_HeLa-S3_Input_IgG-mus		1	SRX150614	input	false						
SRR502475			SRP007993	HeLa-S3 -;- cervical carcinoma -;- ectoderm	Yale_ChipSeq_HeLa-S3_Input_Large_Fragment		1	SRX150615	input	false						
SRR502476			SRP007993	HeLa-S3 -;- cervical carcinoma -;- ectoderm	Yale_ChipSeq_HeLa-S3_Input_Large_Fragment		2	SRX150615	input	false						
SRR502477			SRP007993	HeLa-S3 -;- cervical carcinoma -;- ectoderm	Yale_ChipSeq_HeLa-S3_Input_MNase		2	SRX150616	input	false						
SRR502478			SRP007993	HeLa-S3 -;- cervical carcinoma -;- ectoderm	Yale_ChipSeq_HeLa-S3_Input_MNase		1	SRX150616	input	false						
SRR502479			SRP007993	HeLa-S3 -;- cervical carcinoma -;- ectoderm	Yale_ChipSeq_HeLa-S3_Input_Naked_DNA		2	SRX150617	input	false						
SRR502480			SRP007993	HeLa-S3 -;- cervical carcinoma -;- ectoderm	Yale_ChipSeq_HeLa-S3_Input_Naked_DNA		1	SRX150617	input	false						
SRR502481			SRP007993	HeLa-S3 -;- cervical carcinoma -;- ectoderm	Yale_ChipSeq_HeLa-S3_Input_Naked_DNA		3	SRX150617	input	false						
SRR502504			SRP007993	MCF10A-Er-Src -;- mammary gland, non-tumorigenic epithelial, inducible cell line, derived from the MCF-10A parental cells and contain ER-Src, a derivative of the Src kinase oncoprotein (v-Src) that is fused to the ligand-binding domain of the estrogen receptor (ER) -;- ectoderm	Harvard_ChipSeq_MCF10A-Er-Src_EtOH_0.01pct_12hr_Input_std		1		input	false						
SRR502505			SRP007993	MCF10A-Er-Src -;- mammary gland, non-tumorigenic epithelial, inducible cell line, derived from the MCF-10A parental cells and contain ER-Src, a derivative of the Src kinase oncoprotein (v-Src) that is fused to the ligand-binding domain of the estrogen receptor (ER) -;- ectoderm	Harvard_ChipSeq_MCF10A-Er-Src_EtOH_0.01pct_12hr_STAT3_std		2	SRX150630	N	false						
SRR502506			SRP007993	MCF10A-Er-Src -;- mammary gland, non-tumorigenic epithelial, inducible cell line, derived from the MCF-10A parental cells and contain ER-Src, a derivative of the Src kinase oncoprotein (v-Src) that is fused to the ligand-binding domain of the estrogen receptor (ER) -;- ectoderm	Harvard_ChipSeq_MCF10A-Er-Src_EtOH_0.01pct_12hr_STAT3_std		1	SRX150630	N	false						
SRR502517			SRP007993	GM12878 -;- B-lymphocyte, lymphoblastoid, International HapMap Project - CEPH/Utah - European Caucasion, Epstein-Barr Virus -;- mesoderm	Stanford_ChipSeq_GM12878_STAT3_IgG-mus		2	SRX150636	N	false						
SRR502518			SRP007993	GM12878 -;- B-lymphocyte, lymphoblastoid, International HapMap Project - CEPH/Utah - European Caucasion, Epstein-Barr Virus -;- mesoderm	Stanford_ChipSeq_GM12878_STAT3_IgG-mus		1	SRX150636	N	false						
SRR502531			SRP007993	GM12878 -;- B-lymphocyte, lymphoblastoid, International HapMap Project - CEPH/Utah - European Caucasion, Epstein-Barr Virus -;- mesoderm	Stanford_ChipSeq_GM12878_TNFa_Input_IgG-rab		1	SRX150643	input	false						
SRR502532			SRP007993	GM12878 -;- B-lymphocyte, lymphoblastoid, International HapMap Project - CEPH/Utah - European Caucasion, Epstein-Barr Virus -;- mesoderm	Stanford_ChipSeq_GM12878_TNFa_Input_IgG-rab		2	SRX150643	input	false						
SRR502576			SRP007993	HEK293 -;- embryonic kidney, cells contain Adenovirus 5 DNA (PMID: 11967234) -;- mesoderm	USC_ChipSeq_HEK293_Input_UCDavis		1		input	false						
SRR502585			SRP007993	MCF10A-Er-Src -;- mammary gland, non-tumorigenic epithelial, inducible cell line, derived from the MCF-10A parental cells and contain ER-Src, a derivative of the Src kinase oncoprotein (v-Src) that is fused to the ligand-binding domain of the estrogen receptor (ER) -;- ectoderm	Harvard_ChipSeq_MCF10A-Er-Src_EtOH_0.01pct_STAT3_std		1	SRX150670	N	false						
SRR502586			SRP007993	MCF10A-Er-Src -;- mammary gland, non-tumorigenic epithelial, inducible cell line, derived from the MCF-10A parental cells and contain ER-Src, a derivative of the Src kinase oncoprotein (v-Src) that is fused to the ligand-binding domain of the estrogen receptor (ER) -;- ectoderm	Harvard_ChipSeq_MCF10A-Er-Src_EtOH_0.01pct_STAT3_std		2	SRX150670	N	false						
SRR502589			SRP007993	PBDE -;- peripheral blood-derived erythroblasts -;- mesoderm	USC_ChipSeq_PBDE_Input_UCDavis		1		input	false						
SRR502606			SRP007993	K562 -;- leukemia, "The continuous cell line K-562 was established by Lozzio and Lozzio from the pleural effusion of a 53-year-old female with chronic myelogenous leukemia in terminal blast crises." - ATCC -;- mesoderm	USC_ChipSeq_K562_Input_UCDavis		1		input	false						
SRR502611			SRP007993	HepG2 -;- hepatocellular carcinoma -;- endoderm	Stanford_ChipSeq_HepG2_Input_IgG-rab		1		input	false						
SRR502612			SRP007993	MCF10A-Er-Src -;- mammary gland, non-tumorigenic epithelial, inducible cell line, derived from the MCF-10A parental cells and contain ER-Src, a derivative of the Src kinase oncoprotein (v-Src) that is fused to the ligand-binding domain of the estrogen receptor (ER) -;- ectoderm	Harvard_ChipSeq_MCF10A-Er-Src_Input_Harvard_Control		4	SRX150684	input	false						
SRR502613			SRP007993	MCF10A-Er-Src -;- mammary gland, non-tumorigenic epithelial, inducible cell line, derived from the MCF-10A parental cells and contain ER-Src, a derivative of the Src kinase oncoprotein (v-Src) that is fused to the ligand-binding domain of the estrogen receptor (ER) -;- ectoderm	Harvard_ChipSeq_MCF10A-Er-Src_Input_Harvard_Control		1	SRX150684	input	false						
SRR502614			SRP007993	MCF10A-Er-Src -;- mammary gland, non-tumorigenic epithelial, inducible cell line, derived from the MCF-10A parental cells and contain ER-Src, a derivative of the Src kinase oncoprotein (v-Src) that is fused to the ligand-binding domain of the estrogen receptor (ER) -;- ectoderm	Harvard_ChipSeq_MCF10A-Er-Src_Input_Harvard_Control		3	SRX150684	input	false						
SRR502615			SRP007993	MCF10A-Er-Src -;- mammary gland, non-tumorigenic epithelial, inducible cell line, derived from the MCF-10A parental cells and contain ER-Src, a derivative of the Src kinase oncoprotein (v-Src) that is fused to the ligand-binding domain of the estrogen receptor (ER) -;- ectoderm	Harvard_ChipSeq_MCF10A-Er-Src_Input_Harvard_Control		5	SRX150684	input	false						
SRR502616			SRP007993	MCF10A-Er-Src -;- mammary gland, non-tumorigenic epithelial, inducible cell line, derived from the MCF-10A parental cells and contain ER-Src, a derivative of the Src kinase oncoprotein (v-Src) that is fused to the ligand-binding domain of the estrogen receptor (ER) -;- ectoderm	Harvard_ChipSeq_MCF10A-Er-Src_Input_Harvard_Control		6	SRX150684	input	false						
SRR502617			SRP007993	MCF10A-Er-Src -;- mammary gland, non-tumorigenic epithelial, inducible cell line, derived from the MCF-10A parental cells and contain ER-Src, a derivative of the Src kinase oncoprotein (v-Src) that is fused to the ligand-binding domain of the estrogen receptor (ER) -;- ectoderm	Harvard_ChipSeq_MCF10A-Er-Src_Input_Harvard_Control		2	SRX150684	input	false						
SRR502620			SRP007993	GM08714 -;- lymphoblastoid cell line, Instability of heterochromatin of chromosomes 1, 9, and 16 with variable combined immunodeficiency; dysmorphic facial features, developmental delay, malabsorption, and recurrent infections; see GM08747 Fibroblast; donor subject is a compound heterozygote: one allele has a G>A transition at nucleotide 1807 (1807G>A) of the DNMT3B gene resulting in an Ala to Thr substitution at codon 603 [Ala603Thr (A603T)], the mutation occurring in a region between motifs I and IV within the catalytic domain of DNMT3B; the second allele has a G>A transition within intron 22 located 11 nucleotides 5-prime of the normal splice acceptor site [IVS22AS,G>A,-11] resulting in the generation of a novel splice acceptor site and a 9-bp insertion in the processed RNA. This results in the insertion of 3 amino acids (serine, threonine, and proline) at codon 744 (744ins3). The insertion was within the conserved region of the catalytic domain, which is likely to be disrupted by the insertion of a proline residue. This mutation was de novo. -;- mesoderm	USC_ChipSeq_GM08714_Input_UCDavis		2	SRX150686	input	false						
SRR502621			SRP007993	GM08714 -;- lymphoblastoid cell line, Instability of heterochromatin of chromosomes 1, 9, and 16 with variable combined immunodeficiency; dysmorphic facial features, developmental delay, malabsorption, and recurrent infections; see GM08747 Fibroblast; donor subject is a compound heterozygote: one allele has a G>A transition at nucleotide 1807 (1807G>A) of the DNMT3B gene resulting in an Ala to Thr substitution at codon 603 [Ala603Thr (A603T)], the mutation occurring in a region between motifs I and IV within the catalytic domain of DNMT3B; the second allele has a G>A transition within intron 22 located 11 nucleotides 5-prime of the normal splice acceptor site [IVS22AS,G>A,-11] resulting in the generation of a novel splice acceptor site and a 9-bp insertion in the processed RNA. This results in the insertion of 3 amino acids (serine, threonine, and proline) at codon 744 (744ins3). The insertion was within the conserved region of the catalytic domain, which is likely to be disrupted by the insertion of a proline residue. This mutation was de novo. -;- mesoderm	USC_ChipSeq_GM08714_Input_UCDavis		1	SRX150686	input	false						
SRR502640			SRP007993	PANC-1 -;- pancreatic carcinoma, (PMID: 1140870) PANC-1 was established from a pancreatic carcinoma, which was extracted via pancreatico-duodenectomy specimen from a 56-year-old Caucasian individual. Malignancy of this cell line was verified via in vitro and in vivo assays. -;- endoderm	USC_ChipSeq_PANC-1_Input_UCDavis		1		input	false						
SRR502641			SRP007993	K562 -;- leukemia, "The continuous cell line K-562 was established by Lozzio and Lozzio from the pleural effusion of a 53-year-old female with chronic myelogenous leukemia in terminal blast crises." - ATCC -;- mesoderm	Stanford_ChipSeq_K562_Input_IgG-rab		1		input	false						
SRR502663			SRP007993	A549 -;- epithelial cell line derived from a lung carcinoma tissue. (PMID: 175022), "This line was initiated in 1972 by D.J. Giard, et al. through explant culture of lung carcinomatous tissue from a 58-year-old caucasian male." - ATCC, newly promoted to tier 2: not in 2011 analysis -;- endoderm	Stanford_ChipSeq_A549_Input_IgG-rab		1	SRX150708	input	false						
SRR502664			SRP007993	A549 -;- epithelial cell line derived from a lung carcinoma tissue. (PMID: 175022), "This line was initiated in 1972 by D.J. Giard, et al. through explant culture of lung carcinomatous tissue from a 58-year-old caucasian male." - ATCC, newly promoted to tier 2: not in 2011 analysis -;- endoderm	Stanford_ChipSeq_A549_Input_IgG-rab		2	SRX150708	input	false						
SRR502667			SRP007993	K562 -;- leukemia, "The continuous cell line K-562 was established by Lozzio and Lozzio from the pleural effusion of a 53-year-old female with chronic myelogenous leukemia in terminal blast crises." - ATCC -;- mesoderm	Stanford_ChipSeq_K562_Input_IgG-mus		1	SRX150710	input	false						
SRR502668			SRP007993	K562 -;- leukemia, "The continuous cell line K-562 was established by Lozzio and Lozzio from the pleural effusion of a 53-year-old female with chronic myelogenous leukemia in terminal blast crises." - ATCC -;- mesoderm	Stanford_ChipSeq_K562_Input_IgG-mus		2	SRX150710	input	false						
SRR502686			SRP007993	GM10847 -;- lymphoblastoid, International HapMap Project, CEPH/Utah, treatment: Epstein-Barr Virus transformed -;- mesoderm	Stanford_ChipSeq_GM10847_Input_IgG-mus		1	SRX150718	input	false						
SRR502687			SRP007993	GM10847 -;- lymphoblastoid, International HapMap Project, CEPH/Utah, treatment: Epstein-Barr Virus transformed -;- mesoderm	Stanford_ChipSeq_GM10847_Input_IgG-mus		2	SRX150718	input	false						
SRR502691			SRP007993	MCF10A-Er-Src -;- mammary gland, non-tumorigenic epithelial, inducible cell line, derived from the MCF-10A parental cells and contain ER-Src, a derivative of the Src kinase oncoprotein (v-Src) that is fused to the ligand-binding domain of the estrogen receptor (ER) -;- ectoderm	Harvard_ChipSeq_MCF10A-Er-Src_Input_std		1		input	false						
SRR568166			SRP007993	SK-N-SH -;- neuroblastoma, newly promoted to tier 2: not in 2011 analysis, the SK-N-SH line was established from a neuroblastoma in a 4 year old individual. -;- ectoderm	Stanford_ChipSeq_SK-N-SH_Input_IgG-rab		2	SRX186629	input	false						
SRR568167			SRP007993	SK-N-SH -;- neuroblastoma, newly promoted to tier 2: not in 2011 analysis, the SK-N-SH line was established from a neuroblastoma in a 4 year old individual. -;- ectoderm	Stanford_ChipSeq_SK-N-SH_Input_IgG-rab		1	SRX186629	input	false						
SRR414680			SRP011071	C57BL/6 -;- bone marrow -;- bone marrow-derived dendritic cells	ChIP-Seq of Stat3 0 min post LPS stimulation; Mus musculus; ChIP-Seq		2	SRX122475	N	false						
SRR414681			SRP011071	C57BL/6 -;- bone marrow -;- bone marrow-derived dendritic cells	ChIP-Seq of Stat3 0 min post LPS stimulation; Mus musculus; ChIP-Seq		3	SRX122475	N	false						
SRR414682			SRP011071	C57BL/6 -;- bone marrow -;- bone marrow-derived dendritic cells	ChIP-Seq of Stat3 0 min post LPS stimulation; Mus musculus; ChIP-Seq		4	SRX122475	N	false						
SRR414683			SRP011071	C57BL/6 -;- bone marrow -;- bone marrow-derived dendritic cells	ChIP-Seq of Stat3 0 min post LPS stimulation; Mus musculus; ChIP-Seq		1	SRX122475	N	false						
SRR414684			SRP011071	C57BL/6 -;- bone marrow -;- bone marrow-derived dendritic cells	ChIP-Seq of Stat3 120 min post LPS stimulation; Mus musculus; ChIP-Seq		1	SRX122476	N	false						
SRR414685			SRP011071	C57BL/6 -;- bone marrow -;- bone marrow-derived dendritic cells	ChIP-Seq of Stat3 120 min post LPS stimulation; Mus musculus; ChIP-Seq		3	SRX122476	N	false						
SRR414686			SRP011071	C57BL/6 -;- bone marrow -;- bone marrow-derived dendritic cells	ChIP-Seq of Stat3 120 min post LPS stimulation; Mus musculus; ChIP-Seq		4	SRX122476	N	false						
SRR414687			SRP011071	C57BL/6 -;- bone marrow -;- bone marrow-derived dendritic cells	ChIP-Seq of Stat3 120 min post LPS stimulation; Mus musculus; ChIP-Seq		2	SRX122476	N	false						
SRR414688			SRP011071	C57BL/6 -;- bone marrow -;- bone marrow-derived dendritic cells	ChIP-Seq of Stat3 30 min post LPS stimulation; Mus musculus; ChIP-Seq		1	SRX122477	N	false						
SRR414689			SRP011071	C57BL/6 -;- bone marrow -;- bone marrow-derived dendritic cells	ChIP-Seq of Stat3 30 min post LPS stimulation; Mus musculus; ChIP-Seq		4	SRX122477	N	false						
SRR414690			SRP011071	C57BL/6 -;- bone marrow -;- bone marrow-derived dendritic cells	ChIP-Seq of Stat3 30 min post LPS stimulation; Mus musculus; ChIP-Seq		2	SRX122477	N	false						
SRR414691			SRP011071	C57BL/6 -;- bone marrow -;- bone marrow-derived dendritic cells	ChIP-Seq of Stat3 30 min post LPS stimulation; Mus musculus; ChIP-Seq		3	SRX122477	N	false						
SRR414692			SRP011071	C57BL/6 -;- bone marrow -;- bone marrow-derived dendritic cells	ChIP-Seq of Stat3 60 min post LPS stimulation; Mus musculus; ChIP-Seq		4	SRX122478	N	false						
SRR414693			SRP011071	C57BL/6 -;- bone marrow -;- bone marrow-derived dendritic cells	ChIP-Seq of Stat3 60 min post LPS stimulation; Mus musculus; ChIP-Seq		1	SRX122478	N	false						
SRR414694			SRP011071	C57BL/6 -;- bone marrow -;- bone marrow-derived dendritic cells	ChIP-Seq of Stat3 60 min post LPS stimulation; Mus musculus; ChIP-Seq		2	SRX122478	N	false						
SRR414695			SRP011071	C57BL/6 -;- bone marrow -;- bone marrow-derived dendritic cells	ChIP-Seq of Stat3 60 min post LPS stimulation; Mus musculus; ChIP-Seq		3	SRX122478	N	false						
SRR414696			SRP011071	C57BL/6 -;- bone marrow -;- bone marrow-derived dendritic cells	ChIP-Seq of WCE 0 min post LPS stimulation; Mus musculus; ChIP-Seq		3	SRX122479	input	false						
SRR414697			SRP011071	C57BL/6 -;- bone marrow -;- bone marrow-derived dendritic cells	ChIP-Seq of WCE 0 min post LPS stimulation; Mus musculus; ChIP-Seq		4	SRX122479	input	false						
SRR414698			SRP011071	C57BL/6 -;- bone marrow -;- bone marrow-derived dendritic cells	ChIP-Seq of WCE 0 min post LPS stimulation; Mus musculus; ChIP-Seq		1	SRX122479	input	false						
SRR414699			SRP011071	C57BL/6 -;- bone marrow -;- bone marrow-derived dendritic cells	ChIP-Seq of WCE 0 min post LPS stimulation; Mus musculus; ChIP-Seq		8	SRX122479	input	false						
SRR414700			SRP011071	C57BL/6 -;- bone marrow -;- bone marrow-derived dendritic cells	ChIP-Seq of WCE 0 min post LPS stimulation; Mus musculus; ChIP-Seq		6	SRX122479	input	false						
SRR414701			SRP011071	C57BL/6 -;- bone marrow -;- bone marrow-derived dendritic cells	ChIP-Seq of WCE 0 min post LPS stimulation; Mus musculus; ChIP-Seq		7	SRX122479	input	false						
SRR414702			SRP011071	C57BL/6 -;- bone marrow -;- bone marrow-derived dendritic cells	ChIP-Seq of WCE 0 min post LPS stimulation; Mus musculus; ChIP-Seq		5	SRX122479	input	false						
SRR414703			SRP011071	C57BL/6 -;- bone marrow -;- bone marrow-derived dendritic cells	ChIP-Seq of WCE 0 min post LPS stimulation; Mus musculus; ChIP-Seq		2	SRX122479	input	false						
SRR414704			SRP011071	C57BL/6 -;- bone marrow -;- bone marrow-derived dendritic cells	ChIP-Seq of WCE 120 min post LPS stimulation; Mus musculus; ChIP-Seq		3	SRX122480	input	false						
SRR414705			SRP011071	C57BL/6 -;- bone marrow -;- bone marrow-derived dendritic cells	ChIP-Seq of WCE 120 min post LPS stimulation; Mus musculus; ChIP-Seq		1	SRX122480	input	false						
SRR414706			SRP011071	C57BL/6 -;- bone marrow -;- bone marrow-derived dendritic cells	ChIP-Seq of WCE 120 min post LPS stimulation; Mus musculus; ChIP-Seq		8	SRX122480	input	false						
SRR414707			SRP011071	C57BL/6 -;- bone marrow -;- bone marrow-derived dendritic cells	ChIP-Seq of WCE 120 min post LPS stimulation; Mus musculus; ChIP-Seq		5	SRX122480	input	false						
SRR414708			SRP011071	C57BL/6 -;- bone marrow -;- bone marrow-derived dendritic cells	ChIP-Seq of WCE 120 min post LPS stimulation; Mus musculus; ChIP-Seq		7	SRX122480	input	false						
SRR414709			SRP011071	C57BL/6 -;- bone marrow -;- bone marrow-derived dendritic cells	ChIP-Seq of WCE 120 min post LPS stimulation; Mus musculus; ChIP-Seq		6	SRX122480	input	false						
SRR414710			SRP011071	C57BL/6 -;- bone marrow -;- bone marrow-derived dendritic cells	ChIP-Seq of WCE 120 min post LPS stimulation; Mus musculus; ChIP-Seq		2	SRX122480	input	false						
SRR414711			SRP011071	C57BL/6 -;- bone marrow -;- bone marrow-derived dendritic cells	ChIP-Seq of WCE 120 min post LPS stimulation; Mus musculus; ChIP-Seq		4	SRX122480	input	false						
SRR414712			SRP011071	C57BL/6 -;- bone marrow -;- bone marrow-derived dendritic cells	ChIP-Seq of WCE 30 min post LPS stimulation; Mus musculus; ChIP-Seq		1	SRX122481	input	false						
SRR414713			SRP011071	C57BL/6 -;- bone marrow -;- bone marrow-derived dendritic cells	ChIP-Seq of WCE 30 min post LPS stimulation; Mus musculus; ChIP-Seq		4	SRX122481	input	false						
SRR414714			SRP011071	C57BL/6 -;- bone marrow -;- bone marrow-derived dendritic cells	ChIP-Seq of WCE 30 min post LPS stimulation; Mus musculus; ChIP-Seq		8	SRX122481	input	false						
SRR414715			SRP011071	C57BL/6 -;- bone marrow -;- bone marrow-derived dendritic cells	ChIP-Seq of WCE 30 min post LPS stimulation; Mus musculus; ChIP-Seq		5	SRX122481	input	false						
SRR414716			SRP011071	C57BL/6 -;- bone marrow -;- bone marrow-derived dendritic cells	ChIP-Seq of WCE 30 min post LPS stimulation; Mus musculus; ChIP-Seq		3	SRX122481	input	false						
SRR414717			SRP011071	C57BL/6 -;- bone marrow -;- bone marrow-derived dendritic cells	ChIP-Seq of WCE 30 min post LPS stimulation; Mus musculus; ChIP-Seq		2	SRX122481	input	false						
SRR414718			SRP011071	C57BL/6 -;- bone marrow -;- bone marrow-derived dendritic cells	ChIP-Seq of WCE 30 min post LPS stimulation; Mus musculus; ChIP-Seq		7	SRX122481	input	false						
SRR414719			SRP011071	C57BL/6 -;- bone marrow -;- bone marrow-derived dendritic cells	ChIP-Seq of WCE 30 min post LPS stimulation; Mus musculus; ChIP-Seq		6	SRX122481	input	false						
SRR414720			SRP011071	C57BL/6 -;- bone marrow -;- bone marrow-derived dendritic cells	ChIP-Seq of WCE 60 min post LPS stimulation; Mus musculus; ChIP-Seq		6	SRX122482	input	false						
SRR414721			SRP011071	C57BL/6 -;- bone marrow -;- bone marrow-derived dendritic cells	ChIP-Seq of WCE 60 min post LPS stimulation; Mus musculus; ChIP-Seq		1	SRX122482	input	false						
SRR414722			SRP011071	C57BL/6 -;- bone marrow -;- bone marrow-derived dendritic cells	ChIP-Seq of WCE 60 min post LPS stimulation; Mus musculus; ChIP-Seq		3	SRX122482	input	false						
SRR414723			SRP011071	C57BL/6 -;- bone marrow -;- bone marrow-derived dendritic cells	ChIP-Seq of WCE 60 min post LPS stimulation; Mus musculus; ChIP-Seq		8	SRX122482	input	false						
SRR414724			SRP011071	C57BL/6 -;- bone marrow -;- bone marrow-derived dendritic cells	ChIP-Seq of WCE 60 min post LPS stimulation; Mus musculus; ChIP-Seq		4	SRX122482	input	false						
SRR414725			SRP011071	C57BL/6 -;- bone marrow -;- bone marrow-derived dendritic cells	ChIP-Seq of WCE 60 min post LPS stimulation; Mus musculus; ChIP-Seq		7	SRX122482	input	false						
SRR414726			SRP011071	C57BL/6 -;- bone marrow -;- bone marrow-derived dendritic cells	ChIP-Seq of WCE 60 min post LPS stimulation; Mus musculus; ChIP-Seq		2	SRX122482	input	false						
SRR414727			SRP011071	C57BL/6 -;- bone marrow -;- bone marrow-derived dendritic cells	ChIP-Seq of WCE 60 min post LPS stimulation; Mus musculus; ChIP-Seq		5	SRX122482	input	false						
SRR493724			SRP012641	AtT-20 corticotroph cells treated with Control IgG -;- pituitary corticotroph cell	Control IgG; Mus musculus; ChIP-Seq		2	SRX145797	input	false						
SRR493725			SRP012641	AtT-20 corticotroph cells treated with Control IgG -;- pituitary corticotroph cell	Control IgG; Mus musculus; ChIP-Seq		1	SRX145797	input	false						
SRR493726			SRP012641	AtT-20 corticotroph cells treated with Stat3 (LIF) -;- pituitary corticotroph cell	Stat3 (LIF); Mus musculus; ChIP-Seq		2	SRX145798	N	false						
SRR493727			SRP012641	AtT-20 corticotroph cells treated with Stat3 (LIF) -;- pituitary corticotroph cell	Stat3 (LIF); Mus musculus; ChIP-Seq		1	SRX145798	N	false						
SRR493728			SRP012641	AtT-20 corticotroph cells treated with Stat3 (Dex+LIF) -;- pituitary corticotroph cell	Stat3 (Dex+LIF); Mus musculus; ChIP-Seq		1	SRX145799	N	false						
SRR493729			SRP012641	AtT-20 corticotroph cells treated with Stat3 (Dex+LIF) -;- pituitary corticotroph cell	Stat3 (Dex+LIF); Mus musculus; ChIP-Seq		3	SRX145799	N	false						
SRR493730			SRP012641	AtT-20 corticotroph cells treated with Stat3 (Dex+LIF) -;- pituitary corticotroph cell	Stat3 (Dex+LIF); Mus musculus; ChIP-Seq		2	SRX145799	N	false						
ERR1088408			ERP012882	not applicable -;- haematopoietic stem/progenitor cell -;- HPC-7	Illumina HiSeq 1000 sequencing; Transcriptional binding patterns involved in promoter-enhancer interactions.		1		input	false						
ERR1088417			ERP012882	not applicable -;- haematopoietic stem/progenitor cell -;- HPC-7	Illumina HiSeq 1000 sequencing; Transcriptional binding patterns involved in promoter-enhancer interactions.		1		N	false						
SRR529936			SRP014628	C57BL/6 -;- Spleen -;- B cells	WT Bcell IgG; Mus musculus; ChIP-Seq		1		input	false						
SRR529939			SRP014628	C57BL/6 -;- Spleen -;- CD4+ T Cells	WT CD4 T IgG; Mus musculus; ChIP-Seq		1		input	false						
SRR529946			SRP014628	C57BL/6 -;- Spleen -;- CD4+ T Cells	WT CD4 T -IL21 STAT3; Mus musculus; ChIP-Seq		1		N	false						
SRR529947			SRP014628	C57BL/6 -;- Spleen -;- CD4+ T Cells	WT CD4 T +IL21 STAT3; Mus musculus; ChIP-Seq		1		N	false						
SRR529956			SRP014628	C57BL/6 -;- Spleen -;- Th17 Cells	Th17 IgG; Mus musculus; ChIP-Seq		1		input	false						
SRR529962			SRP014628	C57BL/6 -;- Spleen -;- Th17 Cells	Th17 Stat3; Mus musculus; ChIP-Seq		1		N	false						
SRR571544			SRP015773	Th0 in vitro	SL3039; Mus musculus; ChIP-Seq		1		input	false						
SRR571545			SRP015773	Th0 in vitro	SL3192; Mus musculus; ChIP-Seq		1		input	false						
SRR571546			SRP015773	Th17 in vitro	SL3033; Mus musculus; ChIP-Seq		1		input	false						
SRR571549			SRP015773	Th0 in vitro	SL8348; Mus musculus; ChIP-Seq		1		input	false						
SRR571550			SRP015773	Th0 in vitro	SL8350; Mus musculus; ChIP-Seq		1		input	false						
SRR571553			SRP015773	Th17 in vitro	SL10570; Mus musculus; ChIP-Seq		1		input	false						
SRR571554			SRP015773	Th17 in vitro	SL8349; Mus musculus; ChIP-Seq		1		input	false						
SRR571555			SRP015773	Th17 in vitro	SL8351; Mus musculus; ChIP-Seq		1		input	false						
SRR571556			SRP015773	Th17 in vitro	SL9449; Mus musculus; ChIP-Seq		1		input	false						
SRR571557			SRP015773	Th17 in vitro	SL9451; Mus musculus; ChIP-Seq		1		input	false						
SRR571562			SRP015773	Th0 in vitro	SL3191; Mus musculus; ChIP-Seq		1		input	false						
SRR571563			SRP015773	Th0 in vitro	SL3781; Mus musculus; ChIP-Seq		1		input	false						
SRR571564			SRP015773	Th17 in vitro	SL3034; Mus musculus; ChIP-Seq		1		input	false						
SRR571565			SRP015773	Th17 in vitro	SL3783; Mus musculus; ChIP-Seq		1		input	false						
SRR571566			SRP015773	Th17 in vitro	SL10573; Mus musculus; ChIP-Seq		1		input	false						
SRR571567			SRP015773	Th17 in vitro	SL13368; Mus musculus; ChIP-Seq		1		input	false						
SRR571568			SRP015773	Th0 in vitro	SL6500; Mus musculus; ChIP-Seq		1		input	false						
SRR571569			SRP015773	Th17 in vitro	SL6498; Mus musculus; ChIP-Seq		1		input	false						
SRR571570			SRP015773	Th17 in vitro	SL6625; Mus musculus; ChIP-Seq		1		input	false						
SRR571571			SRP015773	Th17 in vitro	SL2991; Mus musculus; ChIP-Seq		1		input	false						
SRR571572			SRP015773	Th17 in vitro	SL2992; Mus musculus; ChIP-Seq		1		input	false						
SRR571573			SRP015773	Th17 in vitro	SL4032; Mus musculus; ChIP-Seq		1		input	false						
SRR571574			SRP015773	Th17 in vitro	SL4033; Mus musculus; ChIP-Seq		1		input	false						
SRR571575			SRP015773	Th17 in vitro	SL2993; Mus musculus; ChIP-Seq		1		input	false						
SRR571576			SRP015773	Th17 in vitro	SL2994; Mus musculus; ChIP-Seq		1		input	false						
SRR571577			SRP015773	Th17 in vitro	SL4034; Mus musculus; ChIP-Seq		1		input	false						
SRR571578			SRP015773	Th17 in vitro	SL4035; Mus musculus; ChIP-Seq		1		input	false						
SRR571579			SRP015773	Th17 in vitro	SL10572; Mus musculus; ChIP-Seq		1		input	false						
SRR571580			SRP015773	Th17 in vitro	SL10575; Mus musculus; ChIP-Seq		1		input	false						
SRR571584			SRP015773	Th0 in vitro	SL1235; Mus musculus; ChIP-Seq		1		input	false						
SRR571585			SRP015773	Th0 in vitro	SL6632; Mus musculus; ChIP-Seq		1		input	false						
SRR571586			SRP015773	Th0 in vitro	SL6633; Mus musculus; ChIP-Seq		1		input	false						
SRR571587			SRP015773	Th17 in vitro	SL9855; Mus musculus; ChIP-Seq		1		input	false						
SRR571592			SRP015773	Th17 in vitro	SL1046; Mus musculus; ChIP-Seq		1		input	false						
SRR571593			SRP015773	Th17 in vitro	SL2872; Mus musculus; ChIP-Seq		1		input	false						
SRR571594			SRP015773	Th17 in vitro	SL2873; Mus musculus; ChIP-Seq		1		input	false						
SRR571595			SRP015773	Th17 in vitro	SL3317; Mus musculus; ChIP-Seq		1		input	false						
SRR571599			SRP015773	Th17 in vitro	SL12384; Mus musculus; ChIP-Seq		1		input	false						
SRR571600			SRP015773	Th17 in vitro	SL12386; Mus musculus; ChIP-Seq		1		input	false						
SRR571603			SRP015773	Th17 in vitro	SL13866; Mus musculus; ChIP-Seq		1		input	false						
SRR571604			SRP015773	Th17 in vitro	SL13867; Mus musculus; ChIP-Seq		1		input	false						
SRR571609			SRP015773	Th17 in vitro	SL1041; Mus musculus; ChIP-Seq		1		input	false						
SRR571612			SRP015773	Th17 in vitro	SL3595; Mus musculus; ChIP-Seq		1		input	false						
SRR571616			SRP015773	Th17 in vitro	SL2870; Mus musculus; ChIP-Seq		1		input	false						
SRR571622			SRP015773	Th17 in vitro	SL1239; Mus musculus; ChIP-Seq		1		input	false						
SRR571623			SRP015773	Th17 in vitro	SL2874; Mus musculus; ChIP-Seq		1		input	false						
SRR571624			SRP015773	Th17 in vitro	SL2875; Mus musculus; ChIP-Seq		1		input	false						
SRR571625			SRP015773	Th17 in vitro	SL3315; Mus musculus; ChIP-Seq		1		input	false						
SRR571626			SRP015773	Th17 in vitro	SL3316; Mus musculus; ChIP-Seq		1		input	false						
SRR952594			SRP028819	LoVo -;- colon adenocarcinoma	batch2_chrom1_LoVo_STAT3_Mouse_FailedQC; Homo sapiens; ChIP-Seq		1		N	false						
SRR952607			SRP028819	LoVo -;- colon adenocarcinoma	batch1_chrom1_LoVo_IgG_Mouse; Homo sapiens; ChIP-Seq		1		input	false						
SRR952608			SRP028819	LoVo -;- colon adenocarcinoma	batch1_chrom1_LoVo_IgG_Rabbit; Homo sapiens; ChIP-Seq		1		input	false						
SRR952609			SRP028819	LoVo -;- colon adenocarcinoma	batch1_chrom1_LoVo_IgG_Goat; Homo sapiens; ChIP-Seq		1		input	false						
SRR1561946			SRP045911	embryonic stem cell -;- ELF embryonic stem cell	STAT3i 6hr H3K27me3 ChIP-seq, rep 1; Homo sapiens; ChIP-Seq		1		N	false						
SRR1561947			SRP045911	embryonic stem cell -;- ELF embryonic stem cell	input for STAT3i 6hr H3K27me3, rep 1; Homo sapiens; ChIP-Seq		1		input	false						
SRR1561949			SRP045911	embryonic stem cell -;- ELF embryonic stem cell	input for ELF H3K27me3 ChIP-seq; Homo sapiens; ChIP-Seq		1		input	false						
SRR1576417			SRP047193	dEN -;- HUES64	STAT3 MNChIP-seq in cell type dEN Stat3_070213_endo; Homo sapiens;       ChIP-Seq		1		N	true						
SRR1576418			SRP047193	dME -;- HUES64	STAT3 MNChIP-seq in cell type dME Stat3_070213_meso; Homo sapiens;       ChIP-Seq		1		N	true						
SRR1576419			SRP047193	HUES64	STAT3 MNChIP-seq in cell type HUES64 Stat3_cs_070213_h64; Homo sapiens;       ChIP-Seq		1		N	true						
SRR1576440			SRP047193	HUES64	WCE (Mnase treated) in cell type HUES64 WCE-M15_070512_h64; Homo sapiens; ChIP-Seq		1		input	false						
SRR1576441			SRP047193	HUES64	WCE (Mnase treated) in cell type HUES64 WCE-M19_070912_h64; Homo sapiens; ChIP-Seq		1		input	false						
SRR1576443			SRP047193	dME -;- HUES64	WCE (sonicated) in cell type dME WCE_072712_meso; Homo sapiens; ChIP-Seq		1		input	false						
SRR1576442			SRP047193	HUES64	WCE (sonicated) in cell type HUES64 WCE_072712_h64; Homo sapiens; ChIP-Seq		1		input	false						
SRR1583910			SRP047424	C57BL/6 -;- Spleen -;- Pre-activated CD4+ T cells	WT CD4 T -IL21 STAT3; Mus musculus; ChIP-Seq		1		N	false						
SRR1583911			SRP047424	C57BL/6 -;- Spleen -;- Pre-activated CD4+ T cells	WT CD4 T +IL21 STAT3; Mus musculus; ChIP-Seq		1		N	false						
SRR1583920			SRP047424	C57BL/6 -;- Spleen -;- Splenic conventional dendritic Cells	WT DC T -IL21 STAT3; Mus musculus; ChIP-Seq		1		N	false						
SRR1583921			SRP047424	C57BL/6 -;- Spleen -;- Splenic conventional dendritic Cells	WT DC T +IL21 STAT3; Mus musculus; ChIP-Seq		1		N	false						
SRR2570629			SRP050434	C57BL/6 -;- primary T cells	Th17_Input; Mus musculus; ChIP-Seq		1		input	false						
SRR1688279			SRP050434	C57BL/6 -;- primary T cells	Th17_Input_group1; Mus musculus; ChIP-Seq		1		input	false						
SRR1688281			SRP050434	C57BL/6 -;- primary T cells	Th17_Stat3KO_Brd4_ChIP-seq_group2; Mus musculus; ChIP-Seq		1		N	false						
SRR1688282			SRP050434	C57BL/6 -;- primary T cells	Th17_Input_group2; Mus musculus; ChIP-Seq		1		input	false						
SRR1736528			SRP051593	breast -;- MCF10A-Er-Src -;- Epithelial	ChIP-seq STAT3 tamoxifen 4 hr MCF10A-ER-Src		1	SRX825177	N	false						
SRR1736529			SRP051593	breast -;- MCF10A-Er-Src -;- Epithelial	ChIP-seq STAT3 tamoxifen 4 hr MCF10A-ER-Src		2	SRX825177	N	false						
SRR1736534			SRP051593	breast -;- MCF10A-Er-Src -;- Epithelial	ChIP-seq INPUT tamoxifen 4 hr MCF10A-ER-Src		1		input	false						
SRR1736537			SRP051593	breast -;- MCF10A-Er-Src -;- Epithelial	ChIP-seq STAT3 tamoxifen 12 hr MCF10A-ER-Src		1	SRX825181	N	false						
SRR1736539			SRP051593	breast -;- MCF10A-Er-Src -;- Epithelial	ChIP-seq STAT3 tamoxifen 12 hr MCF10A-ER-Src		2	SRX825181	N	false						
SRR1736542			SRP051593	breast -;- MCF10A-Er-Src -;- Epithelial	ChIP-seq INPUT tamoxifen 12 hr MCF10A-ER-Src		1		input	false						
SRR1736545			SRP051593	breast -;- MCF10A-Er-Src -;- Epithelial	ChIP-seq STAT3 tamoxifen 36 hr MCF10A-ER-Src		1	SRX825185	N	false						
SRR1736546			SRP051593	breast -;- MCF10A-Er-Src -;- Epithelial	ChIP-seq STAT3 tamoxifen 36 hr MCF10A-ER-Src		2	SRX825185	N	false						
SRR1736547			SRP051593	breast -;- MCF10A-Er-Src -;- Epithelial	ChIP-seq INPUT tamoxifen 36 hr MCF10A-ER-Src		1		input	false						
SRR1736591			SRP051593	breast -;- MCF10A-Er-Src -;- Epithelial	ChIP-seq STAT3 tamoxifen 4 hr MCF10A-ER-Src		1		N	false						
SRR1736594			SRP051593	breast -;- MCF10A-Er-Src -;- Epithelial	ChIP-seq INPUT ethanol 4 hr MCF10A-ER-Src		1		input	false						
SRR1736601			SRP051593	breast -;- MCF10A-Er-Src -;- Epithelial	ChIP-seq INPUT ethanol 12 hr MCF10A-ER-Src		1		input	false						
SRR1736617			SRP051593	breast -;- MCF10A-Er-Src -;- Epithelial	ChIP-seq STAT3 ethanol 36 hr MCF10A-ER-Src		1		N	false						
SRR1736612			SRP051593	breast -;- MCF10A-Er-Src -;- Epithelial	ChIP-seq INPUT ethanol 36 hr MCF10A-ER-Src		2	SRX825307	input	false						
SRR1736613			SRP051593	breast -;- MCF10A-Er-Src -;- Epithelial	ChIP-seq INPUT ethanol 36 hr MCF10A-ER-Src		1	SRX825307	input	false						
SRR1786526			SRP053186	C57BL/6 -;- mouse primary CD4+ T cells	input_S3KO_IL27_1710; Mus musculus; ChIP-Seq		1		input	false						
SRR1786525			SRP053186	C57BL/6 -;- mouse primary CD4+ T cells	STAT1_S3KO_IL27_1708; Mus musculus; ChIP-Seq		1		N	false						
SRR1786524			SRP053186	C57BL/6 -;- mouse primary CD4+ T cells	input_S3KO_IL6_1707; Mus musculus; ChIP-Seq		1		input	false						
SRR1786522			SRP053186	C57BL/6 -;- mouse primary CD4+ T cells	STAT1_S3KO_IL6_1704; Mus musculus; ChIP-Seq		1		N	false						
SRR1786523			SRP053186	C57BL/6 -;- mouse primary CD4+ T cells	input_S3KO_nc_1706; Mus musculus; ChIP-Seq		1		input	false						
SRR1786520			SRP053186	C57BL/6 -;- mouse primary CD4+ T cells	STAT1_S3KO_nc_1701; Mus musculus; ChIP-Seq		1		N	false						
SRR1786521			SRP053186	C57BL/6 -;- mouse primary CD4+ T cells	input_S1KO_IL27_1703; Mus musculus; ChIP-Seq		1		input	false						
SRR1786516			SRP053186	C57BL/6 -;- mouse primary CD4+ T cells	input_S1KO_nc_1695; Mus musculus; ChIP-Seq		1		input	false						
SRR1786515			SRP053186	C57BL/6 -;- mouse primary CD4+ T cells	input_WT_IL27_1694; Mus musculus; ChIP-Seq		1		input	false						
SRR1786518			SRP053186	C57BL/6 -;- mouse primary CD4+ T cells	input_S1KO_IL6_1699; Mus musculus; ChIP-Seq		1		input	false						
SRR1786513			SRP053186	C57BL/6 -;- mouse primary CD4+ T cells	input_WT_IL6_1691; Mus musculus; ChIP-Seq		1		input	false						
SRR1786509			SRP053186	C57BL/6 -;- mouse primary CD4+ T cells	input_WT_nc_1687; Mus musculus; ChIP-Seq		1		input	false						
SRR1925780			SRP056442	Th17 cells	input DNA; Homo sapiens; ChIP-Seq		1		input	false						
SRR1925779			SRP056442	Th17 cells	STAT3 ChIP-seq; Homo sapiens; ChIP-Seq		1		N	false						
SRR2758917			SRP065177	C57BL/6 -;- Dendritic cells -;- Bone marrow derived dendritic cells	mmDC_SAHA-STAT3_ChIPSeq; Mus musculus; ChIP-Seq		1		N	false						
SRR2758916			SRP065177	C57BL/6 -;- Dendritic cells -;- Bone marrow derived dendritic cells	mmDC_STAT3_ChIPSeq; Mus musculus; ChIP-Seq		1		N	false						
SRR2758915			SRP065177	C57BL/6 -;- Dendritic cells -;- Bone marrow derived dendritic cells	mmDC_IgG_ChIPSeq; Mus musculus; ChIP-Seq		1		input	false						
SRR3631996			SRP076178	DIF_INPUT -;- human Fetal Osteoblasts (hFOB)	DIF_INPUT_A; Homo sapiens; ChIP-Seq		1		input	false						
SRR3631997			SRP076178	DIF_INPUT -;- human Fetal Osteoblasts (hFOB)	DIF_INPUT_B; Homo sapiens; ChIP-Seq		1		input	false						
SRR3631998			SRP076178	DIF_INPUT -;- human Fetal Osteoblasts (hFOB)	DIF_INPUT_C; Homo sapiens; ChIP-Seq		1		input	false						
SRR3631999			SRP076178	DIF_JQ1_INPUT -;- human Fetal Osteoblasts (hFOB)	DIF_JQ1_INPUT_A; Homo sapiens; ChIP-Seq		1		input	false						
SRR3632000			SRP076178	DIF_JQ1_INPUT -;- human Fetal Osteoblasts (hFOB)	DIF_JQ1_INPUT_B; Homo sapiens; ChIP-Seq		1		input	false						
SRR3632001			SRP076178	UND_INPUT -;- human Fetal Osteoblasts (hFOB)	UND_INPUT_A; Homo sapiens; ChIP-Seq		1		input	false						
SRR3632002			SRP076178	UND_INPUT -;- human Fetal Osteoblasts (hFOB)	UND_INPUT_B; Homo sapiens; ChIP-Seq		1		input	false						
SRR3632003			SRP076178	UND_INPUT -;- human Fetal Osteoblasts (hFOB)	UND_INPUT_C; Homo sapiens; ChIP-Seq		1		input	false						
SRR3632049			SRP076178	DIF_STAT3 -;- human Fetal Osteoblasts (hFOB)	DIF_STAT3_A; Homo sapiens; ChIP-Seq		1		N	false						
SRR3632050			SRP076178	DIF_STAT3 -;- human Fetal Osteoblasts (hFOB)	DIF_STAT3_B; Homo sapiens; ChIP-Seq		1		N	false						
SRR3632053			SRP076178	L3.6_INPUT -;- L3.6 pancreatic cancer cells	L3.6_INPUT_A; Homo sapiens; ChIP-Seq		1		input	false						
SRR3632054			SRP076178	L3.6_INPUT -;- L3.6 pancreatic cancer cells	L3.6_INPUT_B; Homo sapiens; ChIP-Seq		1		input	false						
SRR4029217			SRP081918	MDA-MB-157 cells -;- MDA-MB-157 (Human Medulallary Carcinoma)	MDAMB157_STAT3_Rep2; Homo sapiens; ChIP-Seq		1		N	false						
SRR4029216			SRP081918	MDA-MB-157 cells -;- MDA-MB-157 (Human Medulallary Carcinoma)	MDAMB157_STAT3_Rep1; Homo sapiens; ChIP-Seq		1		N	false						
SRR4029218			SRP081918	MDA-MB-231 cells -;- MDA-MB-231 (Human Adenocarcinoma)	MDAMB231_STAT3_Rep1; Homo sapiens; ChIP-Seq		1		N	false						
SRR4029219			SRP081918	MDA-MB-231 cells -;- MDA-MB-231 (Human Adenocarcinoma)	MDAMB231_STAT3_Rep2; Homo sapiens; ChIP-Seq		1		N	false						
SRR4029220			SRP081918	HCC70 cells -;- HCC70 (Human Tnm Stage Iiia, Grade 3, Primary Ductal Carcinoma)	HCC70_STAT3_Rep1; Homo sapiens; ChIP-Seq		1		N	false						
SRR4029221			SRP081918	HCC70 cells -;- HCC70 (Human Tnm Stage Iiia, Grade 3, Primary Ductal Carcinoma)	HCC70_STAT3_Rep2; Homo sapiens; ChIP-Seq		1		N	false						
SRR4029222			SRP081918	A139 tumor cells	A139_STAT3_Rep1; Homo sapiens; ChIP-Seq		1		N	false						
SRR4029223			SRP081918	A137 tumor cells	A137_STAT3_Rep1; Homo sapiens; ChIP-Seq		1		N	false						
SRR4029224			SRP081918	MDA-MB-468 cells -;- MDA-MB-468 (Human adenocarcinoma)	MDAMB468_STAT3_Rep1; Homo sapiens; ChIP-Seq		1		N	false						
SRR4029226			SRP081918	HCC1143 cells -;- HCC1143 (Human TNM stage IIA, grade 3, primary ductal carcinoma)	HCC1143_STAT3_Rep1; Homo sapiens; ChIP-Seq		1		N	false						
SRR4029227			SRP081918	HCC1143 cells -;- HCC1143 (Human TNM stage IIA, grade 3, primary ductal carcinoma)	HCC1143_STAT3_Rep2; Homo sapiens; ChIP-Seq		1		N	false						
SRR4029225			SRP081918	MDA-MB-468 cells -;- MDA-MB-468 (Human adenocarcinoma)	MDAMB468_STAT3_Rep2; Homo sapiens; ChIP-Seq		1		N	false						
SRR4029229			SRP081918	MDA-MB-157 cells -;- MDA-MB-157 (Human Medulallary Carcinoma)	MDAMB157_STAT3_Rep2_Input_Control; Homo sapiens; ChIP-Seq		1		input	false						
SRR4029230			SRP081918	MDA-MB-231 cells -;- MDA-MB-231 (Human Adenocarcinoma)	MDAMB231_STAT3_Rep1_Input_Control; Homo sapiens; ChIP-Seq		1		input	false						
SRR4029228			SRP081918	MDA-MB-157 cells -;- MDA-MB-157 (Human Medulallary Carcinoma)	MDAMB157_STAT3_Rep1_Input_Control; Homo sapiens; ChIP-Seq		1		input	false						
SRR4029231			SRP081918	MDA-MB-231 cells -;- MDA-MB-231 (Human Adenocarcinoma)	MDAMB231_STAT3_Rep2_Input_Control; Homo sapiens; ChIP-Seq		1		input	false						
SRR4029233			SRP081918	HCC70 cells -;- HCC70 (Human Tnm Stage Iiia, Grade 3, Primary Ductal Carcinoma)	HCC70_STAT3_Rep2_Input_Control; Homo sapiens; ChIP-Seq		1		input	false						
SRR4029232			SRP081918	HCC70 cells -;- HCC70 (Human Tnm Stage Iiia, Grade 3, Primary Ductal Carcinoma)	HCC70_STAT3_Rep1_Input_Control; Homo sapiens; ChIP-Seq		1		input	false						
SRR4029234			SRP081918	A139 tumor cells	A139_STAT3_Input_Control; Homo sapiens; ChIP-Seq		1		input	false						
SRR4029235			SRP081918	A137 tumor cells	A137_STAT3_Input_Control; Homo sapiens; ChIP-Seq		1		input	false						
SRR4029236			SRP081918	MDA-MB-468 cells -;- MDA-MB-468 (Human adenocarcinoma)	MDAMB468_STAT3_Rep1_Input_Control; Homo sapiens; ChIP-Seq		1		input	false						
SRR4029237			SRP081918	MDA-MB-468 cells -;- MDA-MB-468 (Human adenocarcinoma)	MDAMB468_STAT3_Rep2_Input_Control; Homo sapiens; ChIP-Seq		1		input	false						
SRR4029238			SRP081918	HCC1143 cells -;- HCC1143 (Human TNM stage IIA, grade 3, primary ductal carcinoma)	HCC1143_STAT3_Rep1_Input_Control; Homo sapiens; ChIP-Seq		1		input	false						
SRR4029239			SRP081918	HCC1143 cells -;- HCC1143 (Human TNM stage IIA, grade 3, primary ductal carcinoma)	HCC1143_STAT3_Rep2_Input_Control; Homo sapiens; ChIP-Seq		1		input	false						
SRR5366199			SRP102290	healthy neonates -;- Umbilical cord blood -;- Th17_input -;- primary human CD4+ T cells	VS78_1_Th17 input; Homo sapiens; ChIP-Seq		2	SRX2661478	input	false						
SRR5366200			SRP102290	healthy neonates -;- Umbilical cord blood -;- Th17_input -;- primary human CD4+ T cells	VS78_1_Th17 input; Homo sapiens; ChIP-Seq		1	SRX2661478	input	false						
SRR5366201			SRP102290	healthy neonates -;- Umbilical cord blood -;- Th17_STAT3 -;- primary human CD4+ T cells	VS78_2_Th17_STAT3; Homo sapiens; ChIP-Seq		2	SRX2661479	N	false						
SRR5366202			SRP102290	healthy neonates -;- Umbilical cord blood -;- Th17_STAT3 -;- primary human CD4+ T cells	VS78_2_Th17_STAT3; Homo sapiens; ChIP-Seq		3	SRX2661479	N	false						
SRR5366203			SRP102290	healthy neonates -;- Umbilical cord blood -;- Th17_STAT3 -;- primary human CD4+ T cells	VS78_2_Th17_STAT3; Homo sapiens; ChIP-Seq		1	SRX2661479	N	false						
SRR5366204			SRP102290	healthy neonates -;- Umbilical cord blood -;- Th17_input -;- primary human CD4+ T cells	VS80_Th17_PI input; Homo sapiens; ChIP-Seq		1	SRX2661480	input	false						
SRR5366205			SRP102290	healthy neonates -;- Umbilical cord blood -;- Th17_input -;- primary human CD4+ T cells	VS80_Th17_PI input; Homo sapiens; ChIP-Seq		3	SRX2661480	input	false						
SRR5366206			SRP102290	healthy neonates -;- Umbilical cord blood -;- Th17_input -;- primary human CD4+ T cells	VS80_Th17_PI input; Homo sapiens; ChIP-Seq		2	SRX2661480	input	false						
SRR5366207			SRP102290	healthy neonates -;- Umbilical cord blood -;- Th17_STAT3 -;- primary human CD4+ T cells	VS80_Th17_PI STAT3; Homo sapiens; ChIP-Seq		2	SRX2661481	N	false						
SRR5366208			SRP102290	healthy neonates -;- Umbilical cord blood -;- Th17_STAT3 -;- primary human CD4+ T cells	VS80_Th17_PI STAT3; Homo sapiens; ChIP-Seq		3	SRX2661481	N	false						
SRR5366209			SRP102290	healthy neonates -;- Umbilical cord blood -;- Th17_STAT3 -;- primary human CD4+ T cells	VS80_Th17_PI STAT3; Homo sapiens; ChIP-Seq		1	SRX2661481	N	false						
SRR5366210			SRP102290	healthy neonates -;- Umbilical cord blood -;- Th17_input -;- primary human CD4+ T cells	VS80 Th17_PII input; Homo sapiens; ChIP-Seq		2	SRX2661482	input	false						
SRR5366211			SRP102290	healthy neonates -;- Umbilical cord blood -;- Th17_input -;- primary human CD4+ T cells	VS80 Th17_PII input; Homo sapiens; ChIP-Seq		1	SRX2661482	input	false						
SRR5366212			SRP102290	healthy neonates -;- Umbilical cord blood -;- Th17_STAT3 -;- primary human CD4+ T cells	VS80 Th17_PII STAT3; Homo sapiens; ChIP-Seq		2	SRX2661483	N	false						
SRR5366213			SRP102290	healthy neonates -;- Umbilical cord blood -;- Th17_STAT3 -;- primary human CD4+ T cells	VS80 Th17_PII STAT3; Homo sapiens; ChIP-Seq		1	SRX2661483	N	false						
SRR5366214			SRP102290	healthy neonates -;- Umbilical cord blood -;- Th17_STAT3 -;- primary human CD4+ T cells	VS80 Th17_PII STAT3; Homo sapiens; ChIP-Seq		3	SRX2661483	N	false						
SRR5647777			SRP108659	C57BL/6 -;- OLP_Stat3 ChIP -;- Primary Cortical Oligodendrocyte Progenitor (OLP) cells	Stat3 ChIP1; Mus musculus; ChIP-Seq		1		N	false						
SRR5647778			SRP108659	C57BL/6 -;- OLP_Stat3 ChIP -;- Primary Cortical Oligodendrocyte Progenitor (OLP) cells	Stat3 ChIP2; Mus musculus; ChIP-Seq		1		N	false						
SRR5647779			SRP108659	C57BL/6 -;- OLP_Stat3 Input -;- Primary Cortical Oligodendrocyte Progenitor (OLP) cells	Stat3 Input1; Mus musculus; ChIP-Seq		1		input	false						
SRR5647780			SRP108659	C57BL/6 -;- OLP_Stat3 Input -;- Primary Cortical Oligodendrocyte Progenitor (OLP) cells	Stat3 Input2; Mus musculus; ChIP-Seq		1		input	false						
